/media/zac/12TB Drive/covid-detector/extracted_images/jpgs/001bd15d1891.jpg,,,,,
/media/zac/12TB Drive/covid-detector/extracted_images/jpgs/007cf31356c6.jpg,,,,,
/media/zac/12TB Drive/covid-detector/extracted_images/jpgs/00b0891276a3.jpg,,,,,
/media/zac/12TB Drive/covid-detector/extracted_images/jpgs/00b8180bd3a8.jpg,,,,,
/media/zac/12TB Drive/covid-detector/extracted_images/jpgs/010a18b0c868.jpg,,,,,
/media/zac/12TB Drive/covid-detector/extracted_images/jpgs/0120c5c1352b.jpg,,,,,
/media/zac/12TB Drive/covid-detector/extracted_images/jpgs/014a736182d3.jpg,,,,,
/media/zac/12TB Drive/covid-detector/extracted_images/jpgs/015ac3c7199d.jpg,,,,,
/media/zac/12TB Drive/covid-detector/extracted_images/jpgs/018f32c6644f.jpg,,,,,
/media/zac/12TB Drive/covid-detector/extracted_images/jpgs/01a1aabbef0d.jpg,,,,,
/media/zac/12TB Drive/covid-detector/extracted_images/jpgs/01d83be76fbb.jpg,,,,,
/media/zac/12TB Drive/covid-detector/extracted_images/jpgs/022085a0b648.jpg,,,,,
/media/zac/12TB Drive/covid-detector/extracted_images/jpgs/02366ec75168.jpg,,,,,
/media/zac/12TB Drive/covid-detector/extracted_images/jpgs/023b985092de.jpg,,,,,
/media/zac/12TB Drive/covid-detector/extracted_images/jpgs/0283ed37496d.jpg,,,,,
/media/zac/12TB Drive/covid-detector/extracted_images/jpgs/02bc68ef4265.jpg,,,,,
/media/zac/12TB Drive/covid-detector/extracted_images/jpgs/02eed7c620be.jpg,,,,,
/media/zac/12TB Drive/covid-detector/extracted_images/jpgs/0322cba9c844.jpg,,,,,
/media/zac/12TB Drive/covid-detector/extracted_images/jpgs/039adaff232e.jpg,,,,,
/media/zac/12TB Drive/covid-detector/extracted_images/jpgs/039c86552c5a.jpg,,,,,
/media/zac/12TB Drive/covid-detector/extracted_images/jpgs/03a1614f51e7.jpg,,,,,
/media/zac/12TB Drive/covid-detector/extracted_images/jpgs/03ef29864757.jpg,,,,,
/media/zac/12TB Drive/covid-detector/extracted_images/jpgs/042efea6bd1d.jpg,,,,,
/media/zac/12TB Drive/covid-detector/extracted_images/jpgs/044839a5b51f.jpg,,,,,
/media/zac/12TB Drive/covid-detector/extracted_images/jpgs/0449b62bc0b6.jpg,,,,,
/media/zac/12TB Drive/covid-detector/extracted_images/jpgs/04a4a5b779fc.jpg,,,,,
/media/zac/12TB Drive/covid-detector/extracted_images/jpgs/04bfc50a592b.jpg,,,,,
/media/zac/12TB Drive/covid-detector/extracted_images/jpgs/0515910ab239.jpg,,,,,
/media/zac/12TB Drive/covid-detector/extracted_images/jpgs/0572ef0d0c1a.jpg,,,,,
/media/zac/12TB Drive/covid-detector/extracted_images/jpgs/057889fefcb8.jpg,,,,,
/media/zac/12TB Drive/covid-detector/extracted_images/jpgs/05801635f7db.jpg,,,,,
/media/zac/12TB Drive/covid-detector/extracted_images/jpgs/05be0f039257.jpg,,,,,
/media/zac/12TB Drive/covid-detector/extracted_images/jpgs/05c34e480f64.jpg,,,,,
/media/zac/12TB Drive/covid-detector/extracted_images/jpgs/05cb1e76a2e1.jpg,,,,,
/media/zac/12TB Drive/covid-detector/extracted_images/jpgs/05e9bb2ea225.jpg,,,,,
/media/zac/12TB Drive/covid-detector/extracted_images/jpgs/05ef4358baa9.jpg,,,,,
/media/zac/12TB Drive/covid-detector/extracted_images/jpgs/065fb159fd49.jpg,,,,,
/media/zac/12TB Drive/covid-detector/extracted_images/jpgs/070f57210fa7.jpg,,,,,
/media/zac/12TB Drive/covid-detector/extracted_images/jpgs/072999833ab4.jpg,,,,,
/media/zac/12TB Drive/covid-detector/extracted_images/jpgs/0729e35c1829.jpg,,,,,
/media/zac/12TB Drive/covid-detector/extracted_images/jpgs/077fe957981a.jpg,,,,,
/media/zac/12TB Drive/covid-detector/extracted_images/jpgs/078fb92e34d5.jpg,,,,,
/media/zac/12TB Drive/covid-detector/extracted_images/jpgs/07d26e1998f3.jpg,,,,,
/media/zac/12TB Drive/covid-detector/extracted_images/jpgs/08048f170c29.jpg,,,,,
/media/zac/12TB Drive/covid-detector/extracted_images/jpgs/080f3ecd201b.jpg,,,,,
/media/zac/12TB Drive/covid-detector/extracted_images/jpgs/0811fa228368.jpg,,,,,
/media/zac/12TB Drive/covid-detector/extracted_images/jpgs/083efcd38bc3.jpg,,,,,
/media/zac/12TB Drive/covid-detector/extracted_images/jpgs/08dc9d73dc6e.jpg,,,,,
/media/zac/12TB Drive/covid-detector/extracted_images/jpgs/09c6d5c914e2.jpg,,,,,
/media/zac/12TB Drive/covid-detector/extracted_images/jpgs/09c909226d35.jpg,,,,,
/media/zac/12TB Drive/covid-detector/extracted_images/jpgs/0a0bb7af0cab.jpg,,,,,
/media/zac/12TB Drive/covid-detector/extracted_images/jpgs/0a5f36296cb0.jpg,,,,,
/media/zac/12TB Drive/covid-detector/extracted_images/jpgs/0a93116c50f1.jpg,,,,,
/media/zac/12TB Drive/covid-detector/extracted_images/jpgs/0b2269d46515.jpg,,,,,
/media/zac/12TB Drive/covid-detector/extracted_images/jpgs/0b2abfe747bd.jpg,,,,,
/media/zac/12TB Drive/covid-detector/extracted_images/jpgs/0b8afa4985f9.jpg,,,,,
/media/zac/12TB Drive/covid-detector/extracted_images/jpgs/0b9add7616b0.jpg,,,,,
/media/zac/12TB Drive/covid-detector/extracted_images/jpgs/0b9ba021bb79.jpg,,,,,
/media/zac/12TB Drive/covid-detector/extracted_images/jpgs/0b9ceba31ef2.jpg,,,,,
/media/zac/12TB Drive/covid-detector/extracted_images/jpgs/0bb57a489eb2.jpg,,,,,
/media/zac/12TB Drive/covid-detector/extracted_images/jpgs/0c5302698d64.jpg,,,,,
/media/zac/12TB Drive/covid-detector/extracted_images/jpgs/0c65c1436864.jpg,,,,,
/media/zac/12TB Drive/covid-detector/extracted_images/jpgs/0ca52a9afa55.jpg,,,,,
/media/zac/12TB Drive/covid-detector/extracted_images/jpgs/0d17348ba547.jpg,,,,,
/media/zac/12TB Drive/covid-detector/extracted_images/jpgs/0d3372b1f093.jpg,,,,,
/media/zac/12TB Drive/covid-detector/extracted_images/jpgs/0d3693337282.jpg,,,,,
/media/zac/12TB Drive/covid-detector/extracted_images/jpgs/0d4d35b492ba.jpg,,,,,
/media/zac/12TB Drive/covid-detector/extracted_images/jpgs/0d71137b53d7.jpg,,,,,
/media/zac/12TB Drive/covid-detector/extracted_images/jpgs/0df0bf2aa8dc.jpg,,,,,
/media/zac/12TB Drive/covid-detector/extracted_images/jpgs/0ead88a9e781.jpg,,,,,
/media/zac/12TB Drive/covid-detector/extracted_images/jpgs/0ebd891068eb.jpg,,,,,
/media/zac/12TB Drive/covid-detector/extracted_images/jpgs/0ecab6ede004.jpg,,,,,
/media/zac/12TB Drive/covid-detector/extracted_images/jpgs/0ecb5373eee0.jpg,,,,,
/media/zac/12TB Drive/covid-detector/extracted_images/jpgs/0f0b5a304a47.jpg,,,,,
/media/zac/12TB Drive/covid-detector/extracted_images/jpgs/0f5af2c75ba0.jpg,,,,,
/media/zac/12TB Drive/covid-detector/extracted_images/jpgs/0f9ef2e963bf.jpg,,,,,
/media/zac/12TB Drive/covid-detector/extracted_images/jpgs/0fdddbeae716.jpg,,,,,
/media/zac/12TB Drive/covid-detector/extracted_images/jpgs/0fee4da39e93.jpg,,,,,
/media/zac/12TB Drive/covid-detector/extracted_images/jpgs/1018aa051dd9.jpg,,,,,
/media/zac/12TB Drive/covid-detector/extracted_images/jpgs/102e27cde152.jpg,,,,,
/media/zac/12TB Drive/covid-detector/extracted_images/jpgs/10e01acbb266.jpg,,,,,
/media/zac/12TB Drive/covid-detector/extracted_images/jpgs/11442fbf156f.jpg,,,,,
/media/zac/12TB Drive/covid-detector/extracted_images/jpgs/1160b9f2f639.jpg,,,,,
/media/zac/12TB Drive/covid-detector/extracted_images/jpgs/1175de110d85.jpg,,,,,
/media/zac/12TB Drive/covid-detector/extracted_images/jpgs/11c63a24c216.jpg,,,,,
/media/zac/12TB Drive/covid-detector/extracted_images/jpgs/11c908b4554b.jpg,,,,,
/media/zac/12TB Drive/covid-detector/extracted_images/jpgs/12051dd9bc93.jpg,,,,,
/media/zac/12TB Drive/covid-detector/extracted_images/jpgs/1213420769a4.jpg,,,,,
/media/zac/12TB Drive/covid-detector/extracted_images/jpgs/122d4f21cd0c.jpg,,,,,
/media/zac/12TB Drive/covid-detector/extracted_images/jpgs/12525e86fa15.jpg,,,,,
/media/zac/12TB Drive/covid-detector/extracted_images/jpgs/12580967d3ec.jpg,,,,,
/media/zac/12TB Drive/covid-detector/extracted_images/jpgs/1260a8ac7750.jpg,,,,,
/media/zac/12TB Drive/covid-detector/extracted_images/jpgs/12bd82003c3c.jpg,,,,,
/media/zac/12TB Drive/covid-detector/extracted_images/jpgs/12c435a26db5.jpg,,,,,
/media/zac/12TB Drive/covid-detector/extracted_images/jpgs/12cafcd805f1.jpg,,,,,
/media/zac/12TB Drive/covid-detector/extracted_images/jpgs/12d868a3602e.jpg,,,,,
/media/zac/12TB Drive/covid-detector/extracted_images/jpgs/12fed1674c84.jpg,,,,,
/media/zac/12TB Drive/covid-detector/extracted_images/jpgs/13131b0c3db4.jpg,,,,,
/media/zac/12TB Drive/covid-detector/extracted_images/jpgs/136706e3576c.jpg,,,,,
/media/zac/12TB Drive/covid-detector/extracted_images/jpgs/13b742f56244.jpg,,,,,
/media/zac/12TB Drive/covid-detector/extracted_images/jpgs/13b8f1e69481.jpg,,,,,
/media/zac/12TB Drive/covid-detector/extracted_images/jpgs/13ff01cf36f8.jpg,,,,,
/media/zac/12TB Drive/covid-detector/extracted_images/jpgs/1405cb173ab4.jpg,,,,,
/media/zac/12TB Drive/covid-detector/extracted_images/jpgs/142ec2f06025.jpg,,,,,
/media/zac/12TB Drive/covid-detector/extracted_images/jpgs/14542180f7b3.jpg,,,,,
/media/zac/12TB Drive/covid-detector/extracted_images/jpgs/145a417465f1.jpg,,,,,
/media/zac/12TB Drive/covid-detector/extracted_images/jpgs/145d5ca87841.jpg,,,,,
/media/zac/12TB Drive/covid-detector/extracted_images/jpgs/146113cf4eec.jpg,,,,,
/media/zac/12TB Drive/covid-detector/extracted_images/jpgs/149c73c79507.jpg,,,,,
/media/zac/12TB Drive/covid-detector/extracted_images/jpgs/14fe3a3839c0.jpg,,,,,
/media/zac/12TB Drive/covid-detector/extracted_images/jpgs/1534e4e152ec.jpg,,,,,
/media/zac/12TB Drive/covid-detector/extracted_images/jpgs/154b4cf14732.jpg,,,,,
/media/zac/12TB Drive/covid-detector/extracted_images/jpgs/1567909b87d1.jpg,,,,,
/media/zac/12TB Drive/covid-detector/extracted_images/jpgs/15b5985239ef.jpg,,,,,
/media/zac/12TB Drive/covid-detector/extracted_images/jpgs/160e0c7bb0bb.jpg,,,,,
/media/zac/12TB Drive/covid-detector/extracted_images/jpgs/1643171226c2.jpg,,,,,
/media/zac/12TB Drive/covid-detector/extracted_images/jpgs/168dd478cd66.jpg,,,,,
/media/zac/12TB Drive/covid-detector/extracted_images/jpgs/1697c6702167.jpg,,,,,
/media/zac/12TB Drive/covid-detector/extracted_images/jpgs/1700e25c3938.jpg,,,,,
/media/zac/12TB Drive/covid-detector/extracted_images/jpgs/176bbcbb90e1.jpg,,,,,
/media/zac/12TB Drive/covid-detector/extracted_images/jpgs/17da9d9c513b.jpg,,,,,
/media/zac/12TB Drive/covid-detector/extracted_images/jpgs/184eac9bf1a7.jpg,,,,,
/media/zac/12TB Drive/covid-detector/extracted_images/jpgs/1868b773b6f3.jpg,,,,,
/media/zac/12TB Drive/covid-detector/extracted_images/jpgs/18bc99671fb9.jpg,,,,,
/media/zac/12TB Drive/covid-detector/extracted_images/jpgs/18c2fb2fb8d1.jpg,,,,,
/media/zac/12TB Drive/covid-detector/extracted_images/jpgs/18f25691bb6e.jpg,,,,,
/media/zac/12TB Drive/covid-detector/extracted_images/jpgs/193e2bddd6fb.jpg,,,,,
/media/zac/12TB Drive/covid-detector/extracted_images/jpgs/1982d1c817bf.jpg,,,,,
/media/zac/12TB Drive/covid-detector/extracted_images/jpgs/19bb8638b7cf.jpg,,,,,
/media/zac/12TB Drive/covid-detector/extracted_images/jpgs/19d190bdb8fc.jpg,,,,,
/media/zac/12TB Drive/covid-detector/extracted_images/jpgs/19e702d7942b.jpg,,,,,
/media/zac/12TB Drive/covid-detector/extracted_images/jpgs/19f96cb8225e.jpg,,,,,
/media/zac/12TB Drive/covid-detector/extracted_images/jpgs/1a28634909f8.jpg,,,,,
/media/zac/12TB Drive/covid-detector/extracted_images/jpgs/1a30ffcdc32e.jpg,,,,,
/media/zac/12TB Drive/covid-detector/extracted_images/jpgs/1a432407728d.jpg,,,,,
/media/zac/12TB Drive/covid-detector/extracted_images/jpgs/1a5b81d8f067.jpg,,,,,
/media/zac/12TB Drive/covid-detector/extracted_images/jpgs/1b369b36f933.jpg,,,,,
/media/zac/12TB Drive/covid-detector/extracted_images/jpgs/1b37d5ea40d0.jpg,,,,,
/media/zac/12TB Drive/covid-detector/extracted_images/jpgs/1b40dabdbc07.jpg,,,,,
/media/zac/12TB Drive/covid-detector/extracted_images/jpgs/1ba3477552e0.jpg,,,,,
/media/zac/12TB Drive/covid-detector/extracted_images/jpgs/1be144091e2d.jpg,,,,,
/media/zac/12TB Drive/covid-detector/extracted_images/jpgs/1c306780d2f7.jpg,,,,,
/media/zac/12TB Drive/covid-detector/extracted_images/jpgs/1c566290d70c.jpg,,,,,
/media/zac/12TB Drive/covid-detector/extracted_images/jpgs/1c5b53c5c442.jpg,,,,,
/media/zac/12TB Drive/covid-detector/extracted_images/jpgs/1c714f3d70bb.jpg,,,,,
/media/zac/12TB Drive/covid-detector/extracted_images/jpgs/1c9bc3acd2db.jpg,,,,,
/media/zac/12TB Drive/covid-detector/extracted_images/jpgs/1ce01f7fdb1c.jpg,,,,,
/media/zac/12TB Drive/covid-detector/extracted_images/jpgs/1d59964d508c.jpg,,,,,
/media/zac/12TB Drive/covid-detector/extracted_images/jpgs/1d9dd17d19fd.jpg,,,,,
/media/zac/12TB Drive/covid-detector/extracted_images/jpgs/1db7053ca14c.jpg,,,,,
/media/zac/12TB Drive/covid-detector/extracted_images/jpgs/1dc3fa353adf.jpg,,,,,
/media/zac/12TB Drive/covid-detector/extracted_images/jpgs/1de2c4948019.jpg,,,,,
/media/zac/12TB Drive/covid-detector/extracted_images/jpgs/1e136f0e5958.jpg,,,,,
/media/zac/12TB Drive/covid-detector/extracted_images/jpgs/1e2ab5bceffb.jpg,,,,,
/media/zac/12TB Drive/covid-detector/extracted_images/jpgs/1e480c241382.jpg,,,,,
/media/zac/12TB Drive/covid-detector/extracted_images/jpgs/1e59a284b96b.jpg,,,,,
/media/zac/12TB Drive/covid-detector/extracted_images/jpgs/1e5b41b660ef.jpg,,,,,
/media/zac/12TB Drive/covid-detector/extracted_images/jpgs/1e82f179e878.jpg,,,,,
/media/zac/12TB Drive/covid-detector/extracted_images/jpgs/1ea96fd9dd7c.jpg,,,,,
/media/zac/12TB Drive/covid-detector/extracted_images/jpgs/1ec5a611f850.jpg,,,,,
/media/zac/12TB Drive/covid-detector/extracted_images/jpgs/1f3aaf44de73.jpg,,,,,
/media/zac/12TB Drive/covid-detector/extracted_images/jpgs/1fdd10b0a7c2.jpg,,,,,
/media/zac/12TB Drive/covid-detector/extracted_images/jpgs/1ff2da663fc5.jpg,,,,,
/media/zac/12TB Drive/covid-detector/extracted_images/jpgs/202bc0f993a0.jpg,,,,,
/media/zac/12TB Drive/covid-detector/extracted_images/jpgs/20466076f5e1.jpg,,,,,
/media/zac/12TB Drive/covid-detector/extracted_images/jpgs/20827c4abed5.jpg,,,,,
/media/zac/12TB Drive/covid-detector/extracted_images/jpgs/2090e218807b.jpg,,,,,
/media/zac/12TB Drive/covid-detector/extracted_images/jpgs/20a040efb0d8.jpg,,,,,
/media/zac/12TB Drive/covid-detector/extracted_images/jpgs/20afe4c0669f.jpg,,,,,
/media/zac/12TB Drive/covid-detector/extracted_images/jpgs/211890ccc8d2.jpg,,,,,
/media/zac/12TB Drive/covid-detector/extracted_images/jpgs/212f421e7817.jpg,,,,,
/media/zac/12TB Drive/covid-detector/extracted_images/jpgs/2152246f31f1.jpg,,,,,
/media/zac/12TB Drive/covid-detector/extracted_images/jpgs/21604e0ddc35.jpg,,,,,
/media/zac/12TB Drive/covid-detector/extracted_images/jpgs/219c5c0ceb96.jpg,,,,,
/media/zac/12TB Drive/covid-detector/extracted_images/jpgs/219d2014f0b6.jpg,,,,,
/media/zac/12TB Drive/covid-detector/extracted_images/jpgs/21b11b97837b.jpg,,,,,
/media/zac/12TB Drive/covid-detector/extracted_images/jpgs/22369e7ae501.jpg,,,,,
/media/zac/12TB Drive/covid-detector/extracted_images/jpgs/22cd8d57d2b1.jpg,,,,,
/media/zac/12TB Drive/covid-detector/extracted_images/jpgs/22d0def7cf02.jpg,,,,,
/media/zac/12TB Drive/covid-detector/extracted_images/jpgs/231f8d3c6ad3.jpg,,,,,
/media/zac/12TB Drive/covid-detector/extracted_images/jpgs/23311f777947.jpg,,,,,
/media/zac/12TB Drive/covid-detector/extracted_images/jpgs/238208eb51b4.jpg,,,,,
/media/zac/12TB Drive/covid-detector/extracted_images/jpgs/23a5144c8749.jpg,,,,,
/media/zac/12TB Drive/covid-detector/extracted_images/jpgs/243d84bb9946.jpg,,,,,
/media/zac/12TB Drive/covid-detector/extracted_images/jpgs/243f2b54cfd6.jpg,,,,,
/media/zac/12TB Drive/covid-detector/extracted_images/jpgs/2446e23969e6.jpg,,,,,
/media/zac/12TB Drive/covid-detector/extracted_images/jpgs/244776b92aaa.jpg,,,,,
/media/zac/12TB Drive/covid-detector/extracted_images/jpgs/247411eb282a.jpg,,,,,
/media/zac/12TB Drive/covid-detector/extracted_images/jpgs/248b354154a5.jpg,,,,,
/media/zac/12TB Drive/covid-detector/extracted_images/jpgs/249e3ca02bb1.jpg,,,,,
/media/zac/12TB Drive/covid-detector/extracted_images/jpgs/250e141ba53a.jpg,,,,,
/media/zac/12TB Drive/covid-detector/extracted_images/jpgs/25516b6f6f44.jpg,,,,,
/media/zac/12TB Drive/covid-detector/extracted_images/jpgs/2555fc5e74c0.jpg,,,,,
/media/zac/12TB Drive/covid-detector/extracted_images/jpgs/25d509aec102.jpg,,,,,
/media/zac/12TB Drive/covid-detector/extracted_images/jpgs/2652dc8fcb4b.jpg,,,,,
/media/zac/12TB Drive/covid-detector/extracted_images/jpgs/267b2a56edec.jpg,,,,,
/media/zac/12TB Drive/covid-detector/extracted_images/jpgs/2685501d941e.jpg,,,,,
/media/zac/12TB Drive/covid-detector/extracted_images/jpgs/26961b11cd95.jpg,,,,,
/media/zac/12TB Drive/covid-detector/extracted_images/jpgs/26a7b7bd9168.jpg,,,,,
/media/zac/12TB Drive/covid-detector/extracted_images/jpgs/26fb5ac9fce6.jpg,,,,,
/media/zac/12TB Drive/covid-detector/extracted_images/jpgs/273722673feb.jpg,,,,,
/media/zac/12TB Drive/covid-detector/extracted_images/jpgs/279b24991da3.jpg,,,,,
/media/zac/12TB Drive/covid-detector/extracted_images/jpgs/27aa1d7c5cfe.jpg,,,,,
/media/zac/12TB Drive/covid-detector/extracted_images/jpgs/27bd4ea4ed28.jpg,,,,,
/media/zac/12TB Drive/covid-detector/extracted_images/jpgs/2881f01cf3f1.jpg,,,,,
/media/zac/12TB Drive/covid-detector/extracted_images/jpgs/294cda0e3c4a.jpg,,,,,
/media/zac/12TB Drive/covid-detector/extracted_images/jpgs/29f06cd1c344.jpg,,,,,
/media/zac/12TB Drive/covid-detector/extracted_images/jpgs/2a00cffa80b0.jpg,,,,,
/media/zac/12TB Drive/covid-detector/extracted_images/jpgs/2a0e69dfaa72.jpg,,,,,
/media/zac/12TB Drive/covid-detector/extracted_images/jpgs/2bbfe094d9c4.jpg,,,,,
/media/zac/12TB Drive/covid-detector/extracted_images/jpgs/2c61598e8b03.jpg,,,,,
/media/zac/12TB Drive/covid-detector/extracted_images/jpgs/2d67d7a11651.jpg,,,,,
/media/zac/12TB Drive/covid-detector/extracted_images/jpgs/2d72d653c4ed.jpg,,,,,
/media/zac/12TB Drive/covid-detector/extracted_images/jpgs/2db404b60c2d.jpg,,,,,
/media/zac/12TB Drive/covid-detector/extracted_images/jpgs/2eb83e7d6a43.jpg,,,,,
/media/zac/12TB Drive/covid-detector/extracted_images/jpgs/2eefbd9bc7b9.jpg,,,,,
/media/zac/12TB Drive/covid-detector/extracted_images/jpgs/2efce4f80222.jpg,,,,,
/media/zac/12TB Drive/covid-detector/extracted_images/jpgs/2f21be53ee88.jpg,,,,,
/media/zac/12TB Drive/covid-detector/extracted_images/jpgs/2f6019c75d6d.jpg,,,,,
/media/zac/12TB Drive/covid-detector/extracted_images/jpgs/2fdadd2d1472.jpg,,,,,
/media/zac/12TB Drive/covid-detector/extracted_images/jpgs/2feb3afc8481.jpg,,,,,
/media/zac/12TB Drive/covid-detector/extracted_images/jpgs/2ffa902abb0c.jpg,,,,,
/media/zac/12TB Drive/covid-detector/extracted_images/jpgs/30afde330074.jpg,,,,,
/media/zac/12TB Drive/covid-detector/extracted_images/jpgs/30ccf60a7c44.jpg,,,,,
/media/zac/12TB Drive/covid-detector/extracted_images/jpgs/30eae2ee5011.jpg,,,,,
/media/zac/12TB Drive/covid-detector/extracted_images/jpgs/3101eae88360.jpg,,,,,
/media/zac/12TB Drive/covid-detector/extracted_images/jpgs/318057da5ea0.jpg,,,,,
/media/zac/12TB Drive/covid-detector/extracted_images/jpgs/31982947798b.jpg,,,,,
/media/zac/12TB Drive/covid-detector/extracted_images/jpgs/31ba70406e2f.jpg,,,,,
/media/zac/12TB Drive/covid-detector/extracted_images/jpgs/31d40712a358.jpg,,,,,
/media/zac/12TB Drive/covid-detector/extracted_images/jpgs/3299c772badc.jpg,,,,,
/media/zac/12TB Drive/covid-detector/extracted_images/jpgs/32a2ad71583d.jpg,,,,,
/media/zac/12TB Drive/covid-detector/extracted_images/jpgs/32a47637d8f2.jpg,,,,,
/media/zac/12TB Drive/covid-detector/extracted_images/jpgs/32f07d34a0db.jpg,,,,,
/media/zac/12TB Drive/covid-detector/extracted_images/jpgs/3343b5bab032.jpg,,,,,
/media/zac/12TB Drive/covid-detector/extracted_images/jpgs/33493c6da159.jpg,,,,,
/media/zac/12TB Drive/covid-detector/extracted_images/jpgs/3366792791ce.jpg,,,,,
/media/zac/12TB Drive/covid-detector/extracted_images/jpgs/336d2b8392f9.jpg,,,,,
/media/zac/12TB Drive/covid-detector/extracted_images/jpgs/33890d78120b.jpg,,,,,
/media/zac/12TB Drive/covid-detector/extracted_images/jpgs/3392e7be5830.jpg,,,,,
/media/zac/12TB Drive/covid-detector/extracted_images/jpgs/339583bc7aff.jpg,,,,,
/media/zac/12TB Drive/covid-detector/extracted_images/jpgs/33c92b6bf73a.jpg,,,,,
/media/zac/12TB Drive/covid-detector/extracted_images/jpgs/33cf2c834c40.jpg,,,,,
/media/zac/12TB Drive/covid-detector/extracted_images/jpgs/33f7d4df8a6a.jpg,,,,,
/media/zac/12TB Drive/covid-detector/extracted_images/jpgs/343699137ae1.jpg,,,,,
/media/zac/12TB Drive/covid-detector/extracted_images/jpgs/346642f4ecbf.jpg,,,,,
/media/zac/12TB Drive/covid-detector/extracted_images/jpgs/346ea1e7619e.jpg,,,,,
/media/zac/12TB Drive/covid-detector/extracted_images/jpgs/3491947158e3.jpg,,,,,
/media/zac/12TB Drive/covid-detector/extracted_images/jpgs/3566e20a178e.jpg,,,,,
/media/zac/12TB Drive/covid-detector/extracted_images/jpgs/35e2412a3706.jpg,,,,,
/media/zac/12TB Drive/covid-detector/extracted_images/jpgs/3606c8d8ee4b.jpg,,,,,
/media/zac/12TB Drive/covid-detector/extracted_images/jpgs/3607190f3f38.jpg,,,,,
/media/zac/12TB Drive/covid-detector/extracted_images/jpgs/36a35a318b14.jpg,,,,,
/media/zac/12TB Drive/covid-detector/extracted_images/jpgs/36b0274eab50.jpg,,,,,
/media/zac/12TB Drive/covid-detector/extracted_images/jpgs/36c1215ea4cb.jpg,,,,,
/media/zac/12TB Drive/covid-detector/extracted_images/jpgs/3778b6ed431b.jpg,,,,,
/media/zac/12TB Drive/covid-detector/extracted_images/jpgs/37e761a2968c.jpg,,,,,
/media/zac/12TB Drive/covid-detector/extracted_images/jpgs/384de6416f6e.jpg,,,,,
/media/zac/12TB Drive/covid-detector/extracted_images/jpgs/3855902bcfc6.jpg,,,,,
/media/zac/12TB Drive/covid-detector/extracted_images/jpgs/3857daee16d2.jpg,,,,,
/media/zac/12TB Drive/covid-detector/extracted_images/jpgs/3892dd928d72.jpg,,,,,
/media/zac/12TB Drive/covid-detector/extracted_images/jpgs/38ab5750fb0f.jpg,,,,,
/media/zac/12TB Drive/covid-detector/extracted_images/jpgs/390dba6691ee.jpg,,,,,
/media/zac/12TB Drive/covid-detector/extracted_images/jpgs/390eecc3d067.jpg,,,,,
/media/zac/12TB Drive/covid-detector/extracted_images/jpgs/3922e7ba8993.jpg,,,,,
/media/zac/12TB Drive/covid-detector/extracted_images/jpgs/394536fc0dca.jpg,,,,,
/media/zac/12TB Drive/covid-detector/extracted_images/jpgs/3959ceb9bbce.jpg,,,,,
/media/zac/12TB Drive/covid-detector/extracted_images/jpgs/396d618ed171.jpg,,,,,
/media/zac/12TB Drive/covid-detector/extracted_images/jpgs/39acf134b0a1.jpg,,,,,
/media/zac/12TB Drive/covid-detector/extracted_images/jpgs/39d186c9ff9c.jpg,,,,,
/media/zac/12TB Drive/covid-detector/extracted_images/jpgs/3a475d66e444.jpg,,,,,
/media/zac/12TB Drive/covid-detector/extracted_images/jpgs/3a6acd941fc0.jpg,,,,,
/media/zac/12TB Drive/covid-detector/extracted_images/jpgs/3a85c5bfcd7b.jpg,,,,,
/media/zac/12TB Drive/covid-detector/extracted_images/jpgs/3b982073ec16.jpg,,,,,
/media/zac/12TB Drive/covid-detector/extracted_images/jpgs/3bce64c0c959.jpg,,,,,
/media/zac/12TB Drive/covid-detector/extracted_images/jpgs/3bea5bdbe6dc.jpg,,,,,
/media/zac/12TB Drive/covid-detector/extracted_images/jpgs/3c2bdbeb0046.jpg,,,,,
/media/zac/12TB Drive/covid-detector/extracted_images/jpgs/3c520ff6d9b7.jpg,,,,,
/media/zac/12TB Drive/covid-detector/extracted_images/jpgs/3c9e05b0a0a0.jpg,,,,,
/media/zac/12TB Drive/covid-detector/extracted_images/jpgs/3ce9e3acf26e.jpg,,,,,
/media/zac/12TB Drive/covid-detector/extracted_images/jpgs/3d9c95938f42.jpg,,,,,
/media/zac/12TB Drive/covid-detector/extracted_images/jpgs/3dc7fbd7b8db.jpg,,,,,
/media/zac/12TB Drive/covid-detector/extracted_images/jpgs/3de0f18b4539.jpg,,,,,
/media/zac/12TB Drive/covid-detector/extracted_images/jpgs/3e119259f2f7.jpg,,,,,
/media/zac/12TB Drive/covid-detector/extracted_images/jpgs/3e17d804f89c.jpg,,,,,
/media/zac/12TB Drive/covid-detector/extracted_images/jpgs/3e2425729f4e.jpg,,,,,
/media/zac/12TB Drive/covid-detector/extracted_images/jpgs/3ea74e4b1d24.jpg,,,,,
/media/zac/12TB Drive/covid-detector/extracted_images/jpgs/3ed62dcd8067.jpg,,,,,
/media/zac/12TB Drive/covid-detector/extracted_images/jpgs/3eda96805867.jpg,,,,,
/media/zac/12TB Drive/covid-detector/extracted_images/jpgs/3eeb7e63c39e.jpg,,,,,
/media/zac/12TB Drive/covid-detector/extracted_images/jpgs/3f1c22fc4852.jpg,,,,,
/media/zac/12TB Drive/covid-detector/extracted_images/jpgs/3f21eb32736b.jpg,,,,,
/media/zac/12TB Drive/covid-detector/extracted_images/jpgs/3f6fc1e16844.jpg,,,,,
/media/zac/12TB Drive/covid-detector/extracted_images/jpgs/3f7e9b2c2135.jpg,,,,,
/media/zac/12TB Drive/covid-detector/extracted_images/jpgs/3f9b1542800e.jpg,,,,,
/media/zac/12TB Drive/covid-detector/extracted_images/jpgs/407bc7059973.jpg,,,,,
/media/zac/12TB Drive/covid-detector/extracted_images/jpgs/40b8ec3b1891.jpg,,,,,
/media/zac/12TB Drive/covid-detector/extracted_images/jpgs/40cf9721e428.jpg,,,,,
/media/zac/12TB Drive/covid-detector/extracted_images/jpgs/41751eb3b214.jpg,,,,,
/media/zac/12TB Drive/covid-detector/extracted_images/jpgs/41a7ff73aade.jpg,,,,,
/media/zac/12TB Drive/covid-detector/extracted_images/jpgs/4227ca3f0d1d.jpg,,,,,
/media/zac/12TB Drive/covid-detector/extracted_images/jpgs/422ae42d46de.jpg,,,,,
/media/zac/12TB Drive/covid-detector/extracted_images/jpgs/425dff2ff13a.jpg,,,,,
/media/zac/12TB Drive/covid-detector/extracted_images/jpgs/426981c72215.jpg,,,,,
/media/zac/12TB Drive/covid-detector/extracted_images/jpgs/427796a74e48.jpg,,,,,
/media/zac/12TB Drive/covid-detector/extracted_images/jpgs/42837793df83.jpg,,,,,
/media/zac/12TB Drive/covid-detector/extracted_images/jpgs/42ae168b660f.jpg,,,,,
/media/zac/12TB Drive/covid-detector/extracted_images/jpgs/42c79b2cde7f.jpg,,,,,
/media/zac/12TB Drive/covid-detector/extracted_images/jpgs/4460ee4cacd5.jpg,,,,,
/media/zac/12TB Drive/covid-detector/extracted_images/jpgs/4462888a89c1.jpg,,,,,
/media/zac/12TB Drive/covid-detector/extracted_images/jpgs/4477707316e5.jpg,,,,,
/media/zac/12TB Drive/covid-detector/extracted_images/jpgs/4496cad92371.jpg,,,,,
/media/zac/12TB Drive/covid-detector/extracted_images/jpgs/4527eb220680.jpg,,,,,
/media/zac/12TB Drive/covid-detector/extracted_images/jpgs/455a7af10292.jpg,,,,,
/media/zac/12TB Drive/covid-detector/extracted_images/jpgs/45aef07500cc.jpg,,,,,
/media/zac/12TB Drive/covid-detector/extracted_images/jpgs/46693c940f64.jpg,,,,,
/media/zac/12TB Drive/covid-detector/extracted_images/jpgs/46cf2d33c99a.jpg,,,,,
/media/zac/12TB Drive/covid-detector/extracted_images/jpgs/4701e1705503.jpg,,,,,
/media/zac/12TB Drive/covid-detector/extracted_images/jpgs/47146f12882c.jpg,,,,,
/media/zac/12TB Drive/covid-detector/extracted_images/jpgs/47643f20a15e.jpg,,,,,
/media/zac/12TB Drive/covid-detector/extracted_images/jpgs/479df4fbe9b3.jpg,,,,,
/media/zac/12TB Drive/covid-detector/extracted_images/jpgs/47f55c66e047.jpg,,,,,
/media/zac/12TB Drive/covid-detector/extracted_images/jpgs/4818a62bb220.jpg,,,,,
/media/zac/12TB Drive/covid-detector/extracted_images/jpgs/481cade38eff.jpg,,,,,
/media/zac/12TB Drive/covid-detector/extracted_images/jpgs/48c0fea2d415.jpg,,,,,
/media/zac/12TB Drive/covid-detector/extracted_images/jpgs/499464f6cdc9.jpg,,,,,
/media/zac/12TB Drive/covid-detector/extracted_images/jpgs/499ba19916d1.jpg,,,,,
/media/zac/12TB Drive/covid-detector/extracted_images/jpgs/49a9c7d8a603.jpg,,,,,
/media/zac/12TB Drive/covid-detector/extracted_images/jpgs/49b11f3e2a9c.jpg,,,,,
/media/zac/12TB Drive/covid-detector/extracted_images/jpgs/4a5e11ad2ea0.jpg,,,,,
/media/zac/12TB Drive/covid-detector/extracted_images/jpgs/4aa31b279b37.jpg,,,,,
/media/zac/12TB Drive/covid-detector/extracted_images/jpgs/4aaca1ee2973.jpg,,,,,
/media/zac/12TB Drive/covid-detector/extracted_images/jpgs/4ab9f6b4684d.jpg,,,,,
/media/zac/12TB Drive/covid-detector/extracted_images/jpgs/4afb6d501521.jpg,,,,,
/media/zac/12TB Drive/covid-detector/extracted_images/jpgs/4b2e0cf17d8d.jpg,,,,,
/media/zac/12TB Drive/covid-detector/extracted_images/jpgs/4b32fd76e163.jpg,,,,,
/media/zac/12TB Drive/covid-detector/extracted_images/jpgs/4b78153f9d46.jpg,,,,,
/media/zac/12TB Drive/covid-detector/extracted_images/jpgs/4be932b7cbbd.jpg,,,,,
/media/zac/12TB Drive/covid-detector/extracted_images/jpgs/4c24b0e2b7cf.jpg,,,,,
/media/zac/12TB Drive/covid-detector/extracted_images/jpgs/4c3acc13335c.jpg,,,,,
/media/zac/12TB Drive/covid-detector/extracted_images/jpgs/4c3e3c936a03.jpg,,,,,
/media/zac/12TB Drive/covid-detector/extracted_images/jpgs/4c951c9bf926.jpg,,,,,
/media/zac/12TB Drive/covid-detector/extracted_images/jpgs/4d3847ba95ed.jpg,,,,,
/media/zac/12TB Drive/covid-detector/extracted_images/jpgs/4dccb4bc9142.jpg,,,,,
/media/zac/12TB Drive/covid-detector/extracted_images/jpgs/4e4963451900.jpg,,,,,
/media/zac/12TB Drive/covid-detector/extracted_images/jpgs/4e59432d0707.jpg,,,,,
/media/zac/12TB Drive/covid-detector/extracted_images/jpgs/4ec4f6830669.jpg,,,,,
/media/zac/12TB Drive/covid-detector/extracted_images/jpgs/4efd20c837dc.jpg,,,,,
/media/zac/12TB Drive/covid-detector/extracted_images/jpgs/4f0abed3f35c.jpg,,,,,
/media/zac/12TB Drive/covid-detector/extracted_images/jpgs/4f0c18a7a451.jpg,,,,,
/media/zac/12TB Drive/covid-detector/extracted_images/jpgs/4f3bfae7817a.jpg,,,,,
/media/zac/12TB Drive/covid-detector/extracted_images/jpgs/4f489e7c0d20.jpg,,,,,
/media/zac/12TB Drive/covid-detector/extracted_images/jpgs/4f72ac18bbb9.jpg,,,,,
/media/zac/12TB Drive/covid-detector/extracted_images/jpgs/4f7cb2b6dacc.jpg,,,,,
/media/zac/12TB Drive/covid-detector/extracted_images/jpgs/4f7d8597167f.jpg,,,,,
/media/zac/12TB Drive/covid-detector/extracted_images/jpgs/4fa890061bf6.jpg,,,,,
/media/zac/12TB Drive/covid-detector/extracted_images/jpgs/4fc5d350c335.jpg,,,,,
/media/zac/12TB Drive/covid-detector/extracted_images/jpgs/4fc7220eb319.jpg,,,,,
/media/zac/12TB Drive/covid-detector/extracted_images/jpgs/4fe716de1262.jpg,,,,,
/media/zac/12TB Drive/covid-detector/extracted_images/jpgs/4ff81f916fac.jpg,,,,,
/media/zac/12TB Drive/covid-detector/extracted_images/jpgs/5044cd2e31d1.jpg,,,,,
/media/zac/12TB Drive/covid-detector/extracted_images/jpgs/5052f1d62d89.jpg,,,,,
/media/zac/12TB Drive/covid-detector/extracted_images/jpgs/5059f9a4a882.jpg,,,,,
/media/zac/12TB Drive/covid-detector/extracted_images/jpgs/506dca9ef41f.jpg,,,,,
/media/zac/12TB Drive/covid-detector/extracted_images/jpgs/52478e480a15.jpg,,,,,
/media/zac/12TB Drive/covid-detector/extracted_images/jpgs/525b87af9639.jpg,,,,,
/media/zac/12TB Drive/covid-detector/extracted_images/jpgs/525f4a45ab5d.jpg,,,,,
/media/zac/12TB Drive/covid-detector/extracted_images/jpgs/52bde750c1e8.jpg,,,,,
/media/zac/12TB Drive/covid-detector/extracted_images/jpgs/52d9af96139f.jpg,,,,,
/media/zac/12TB Drive/covid-detector/extracted_images/jpgs/52dcbb32423e.jpg,,,,,
/media/zac/12TB Drive/covid-detector/extracted_images/jpgs/52f97cad2b63.jpg,,,,,
/media/zac/12TB Drive/covid-detector/extracted_images/jpgs/52fa3d2e2eb3.jpg,,,,,
/media/zac/12TB Drive/covid-detector/extracted_images/jpgs/532f722fa51d.jpg,,,,,
/media/zac/12TB Drive/covid-detector/extracted_images/jpgs/536be3676c85.jpg,,,,,
/media/zac/12TB Drive/covid-detector/extracted_images/jpgs/5378957d31f7.jpg,,,,,
/media/zac/12TB Drive/covid-detector/extracted_images/jpgs/5381361e3e3c.jpg,,,,,
/media/zac/12TB Drive/covid-detector/extracted_images/jpgs/53a05d7d498c.jpg,,,,,
/media/zac/12TB Drive/covid-detector/extracted_images/jpgs/53f58deb8cf6.jpg,,,,,
/media/zac/12TB Drive/covid-detector/extracted_images/jpgs/54155a058e38.jpg,,,,,
/media/zac/12TB Drive/covid-detector/extracted_images/jpgs/545096ff25ac.jpg,,,,,
/media/zac/12TB Drive/covid-detector/extracted_images/jpgs/54c0d8670c28.jpg,,,,,
/media/zac/12TB Drive/covid-detector/extracted_images/jpgs/54c2a4ddd625.jpg,,,,,
/media/zac/12TB Drive/covid-detector/extracted_images/jpgs/54e9b0d1d87a.jpg,,,,,
/media/zac/12TB Drive/covid-detector/extracted_images/jpgs/54ea47b77f33.jpg,,,,,
/media/zac/12TB Drive/covid-detector/extracted_images/jpgs/555db1c9e816.jpg,,,,,
/media/zac/12TB Drive/covid-detector/extracted_images/jpgs/55daef1978af.jpg,,,,,
/media/zac/12TB Drive/covid-detector/extracted_images/jpgs/55eac3fc31fd.jpg,,,,,
/media/zac/12TB Drive/covid-detector/extracted_images/jpgs/562962571ea3.jpg,,,,,
/media/zac/12TB Drive/covid-detector/extracted_images/jpgs/5687abeb8010.jpg,,,,,
/media/zac/12TB Drive/covid-detector/extracted_images/jpgs/56b70be7b9ec.jpg,,,,,
/media/zac/12TB Drive/covid-detector/extracted_images/jpgs/56fdeaa6a96a.jpg,,,,,
/media/zac/12TB Drive/covid-detector/extracted_images/jpgs/5715b039af05.jpg,,,,,
/media/zac/12TB Drive/covid-detector/extracted_images/jpgs/57b2146108dd.jpg,,,,,
/media/zac/12TB Drive/covid-detector/extracted_images/jpgs/57c6e5cf617a.jpg,,,,,
/media/zac/12TB Drive/covid-detector/extracted_images/jpgs/57f76ef70b18.jpg,,,,,
/media/zac/12TB Drive/covid-detector/extracted_images/jpgs/583afb74d9ed.jpg,,,,,
/media/zac/12TB Drive/covid-detector/extracted_images/jpgs/58835120395e.jpg,,,,,
/media/zac/12TB Drive/covid-detector/extracted_images/jpgs/58934d9055e8.jpg,,,,,
/media/zac/12TB Drive/covid-detector/extracted_images/jpgs/58a3240989aa.jpg,,,,,
/media/zac/12TB Drive/covid-detector/extracted_images/jpgs/58aab279543f.jpg,,,,,
/media/zac/12TB Drive/covid-detector/extracted_images/jpgs/58bf27b5a82d.jpg,,,,,
/media/zac/12TB Drive/covid-detector/extracted_images/jpgs/58e8657086ad.jpg,,,,,
/media/zac/12TB Drive/covid-detector/extracted_images/jpgs/58f217f3dda7.jpg,,,,,
/media/zac/12TB Drive/covid-detector/extracted_images/jpgs/59f4e7cb12ff.jpg,,,,,
/media/zac/12TB Drive/covid-detector/extracted_images/jpgs/5a0ad476493b.jpg,,,,,
/media/zac/12TB Drive/covid-detector/extracted_images/jpgs/5a343fdced42.jpg,,,,,
/media/zac/12TB Drive/covid-detector/extracted_images/jpgs/5a7382019a31.jpg,,,,,
/media/zac/12TB Drive/covid-detector/extracted_images/jpgs/5a7ea0fb7e82.jpg,,,,,
/media/zac/12TB Drive/covid-detector/extracted_images/jpgs/5aa205996c5a.jpg,,,,,
/media/zac/12TB Drive/covid-detector/extracted_images/jpgs/5aaf506a4d0c.jpg,,,,,
/media/zac/12TB Drive/covid-detector/extracted_images/jpgs/5add73b3cf96.jpg,,,,,
/media/zac/12TB Drive/covid-detector/extracted_images/jpgs/5b687c54d3fd.jpg,,,,,
/media/zac/12TB Drive/covid-detector/extracted_images/jpgs/5b8a35fa9e37.jpg,,,,,
/media/zac/12TB Drive/covid-detector/extracted_images/jpgs/5bad56698f31.jpg,,,,,
/media/zac/12TB Drive/covid-detector/extracted_images/jpgs/5bfab860f585.jpg,,,,,
/media/zac/12TB Drive/covid-detector/extracted_images/jpgs/5bfc7dcc9cba.jpg,,,,,
/media/zac/12TB Drive/covid-detector/extracted_images/jpgs/5c679737665e.jpg,,,,,
/media/zac/12TB Drive/covid-detector/extracted_images/jpgs/5c72e8548a70.jpg,,,,,
/media/zac/12TB Drive/covid-detector/extracted_images/jpgs/5c8147b9d1a4.jpg,,,,,
/media/zac/12TB Drive/covid-detector/extracted_images/jpgs/5caf07ed75f4.jpg,,,,,
/media/zac/12TB Drive/covid-detector/extracted_images/jpgs/5cb08cd3bea3.jpg,,,,,
/media/zac/12TB Drive/covid-detector/extracted_images/jpgs/5ce66c2df0a2.jpg,,,,,
/media/zac/12TB Drive/covid-detector/extracted_images/jpgs/5ce90616364e.jpg,,,,,
/media/zac/12TB Drive/covid-detector/extracted_images/jpgs/5d062f8686ff.jpg,,,,,
/media/zac/12TB Drive/covid-detector/extracted_images/jpgs/5d395c326622.jpg,,,,,
/media/zac/12TB Drive/covid-detector/extracted_images/jpgs/5d82aae7467a.jpg,,,,,
/media/zac/12TB Drive/covid-detector/extracted_images/jpgs/5daea5db8804.jpg,,,,,
/media/zac/12TB Drive/covid-detector/extracted_images/jpgs/5dd762a0aec9.jpg,,,,,
/media/zac/12TB Drive/covid-detector/extracted_images/jpgs/5df422bc74b0.jpg,,,,,
/media/zac/12TB Drive/covid-detector/extracted_images/jpgs/5e79f836af2c.jpg,,,,,
/media/zac/12TB Drive/covid-detector/extracted_images/jpgs/5f138fe1ae22.jpg,,,,,
/media/zac/12TB Drive/covid-detector/extracted_images/jpgs/5f19e0941d27.jpg,,,,,
/media/zac/12TB Drive/covid-detector/extracted_images/jpgs/5f5ed3e7138a.jpg,,,,,
/media/zac/12TB Drive/covid-detector/extracted_images/jpgs/5fa62bb49745.jpg,,,,,
/media/zac/12TB Drive/covid-detector/extracted_images/jpgs/600343c20434.jpg,,,,,
/media/zac/12TB Drive/covid-detector/extracted_images/jpgs/606cf812d40f.jpg,,,,,
/media/zac/12TB Drive/covid-detector/extracted_images/jpgs/60817e016816.jpg,,,,,
/media/zac/12TB Drive/covid-detector/extracted_images/jpgs/609755daf53e.jpg,,,,,
/media/zac/12TB Drive/covid-detector/extracted_images/jpgs/6107ccde78c7.jpg,,,,,
/media/zac/12TB Drive/covid-detector/extracted_images/jpgs/611964e17dd1.jpg,,,,,
/media/zac/12TB Drive/covid-detector/extracted_images/jpgs/6149ff46b570.jpg,,,,,
/media/zac/12TB Drive/covid-detector/extracted_images/jpgs/615950e322f0.jpg,,,,,
/media/zac/12TB Drive/covid-detector/extracted_images/jpgs/6163d55460c2.jpg,,,,,
/media/zac/12TB Drive/covid-detector/extracted_images/jpgs/61f3ac249c50.jpg,,,,,
/media/zac/12TB Drive/covid-detector/extracted_images/jpgs/62318cb53fbd.jpg,,,,,
/media/zac/12TB Drive/covid-detector/extracted_images/jpgs/624cdf15ec99.jpg,,,,,
/media/zac/12TB Drive/covid-detector/extracted_images/jpgs/62942080d0b6.jpg,,,,,
/media/zac/12TB Drive/covid-detector/extracted_images/jpgs/62fb74aea804.jpg,,,,,
/media/zac/12TB Drive/covid-detector/extracted_images/jpgs/63fdf99db501.jpg,,,,,
/media/zac/12TB Drive/covid-detector/extracted_images/jpgs/644c60497cf1.jpg,,,,,
/media/zac/12TB Drive/covid-detector/extracted_images/jpgs/645338636eee.jpg,,,,,
/media/zac/12TB Drive/covid-detector/extracted_images/jpgs/645d837f1782.jpg,,,,,
/media/zac/12TB Drive/covid-detector/extracted_images/jpgs/6467d3eedf66.jpg,,,,,
/media/zac/12TB Drive/covid-detector/extracted_images/jpgs/64c89057799e.jpg,,,,,
/media/zac/12TB Drive/covid-detector/extracted_images/jpgs/655ef5810a5a.jpg,,,,,
/media/zac/12TB Drive/covid-detector/extracted_images/jpgs/65b2468a585d.jpg,,,,,
/media/zac/12TB Drive/covid-detector/extracted_images/jpgs/65d1ea45af3f.jpg,,,,,
/media/zac/12TB Drive/covid-detector/extracted_images/jpgs/6640cb880cec.jpg,,,,,
/media/zac/12TB Drive/covid-detector/extracted_images/jpgs/666f26fc1ac5.jpg,,,,,
/media/zac/12TB Drive/covid-detector/extracted_images/jpgs/66beec6db90c.jpg,,,,,
/media/zac/12TB Drive/covid-detector/extracted_images/jpgs/66c5884489fb.jpg,,,,,
/media/zac/12TB Drive/covid-detector/extracted_images/jpgs/6713c2b6c0a6.jpg,,,,,
/media/zac/12TB Drive/covid-detector/extracted_images/jpgs/671c789ea79a.jpg,,,,,
/media/zac/12TB Drive/covid-detector/extracted_images/jpgs/673f5c24fab8.jpg,,,,,
/media/zac/12TB Drive/covid-detector/extracted_images/jpgs/680a0a3ed00c.jpg,,,,,
/media/zac/12TB Drive/covid-detector/extracted_images/jpgs/686c25134e34.jpg,,,,,
/media/zac/12TB Drive/covid-detector/extracted_images/jpgs/689db4ab5ab5.jpg,,,,,
/media/zac/12TB Drive/covid-detector/extracted_images/jpgs/68ed8274ae7e.jpg,,,,,
/media/zac/12TB Drive/covid-detector/extracted_images/jpgs/692bdb3acbd8.jpg,,,,,
/media/zac/12TB Drive/covid-detector/extracted_images/jpgs/696dd2b20ebc.jpg,,,,,
/media/zac/12TB Drive/covid-detector/extracted_images/jpgs/69aaaf77efdb.jpg,,,,,
/media/zac/12TB Drive/covid-detector/extracted_images/jpgs/69c6eabf4e91.jpg,,,,,
/media/zac/12TB Drive/covid-detector/extracted_images/jpgs/69cd165ecf4c.jpg,,,,,
/media/zac/12TB Drive/covid-detector/extracted_images/jpgs/6a0d949352d9.jpg,,,,,
/media/zac/12TB Drive/covid-detector/extracted_images/jpgs/6a1001b99a50.jpg,,,,,
/media/zac/12TB Drive/covid-detector/extracted_images/jpgs/6a106096c000.jpg,,,,,
/media/zac/12TB Drive/covid-detector/extracted_images/jpgs/6a5c1e638c4d.jpg,,,,,
/media/zac/12TB Drive/covid-detector/extracted_images/jpgs/6a8ed4525b97.jpg,,,,,
/media/zac/12TB Drive/covid-detector/extracted_images/jpgs/6ae5b0d0b1e3.jpg,,,,,
/media/zac/12TB Drive/covid-detector/extracted_images/jpgs/6c15923d252c.jpg,,,,,
/media/zac/12TB Drive/covid-detector/extracted_images/jpgs/6c198fd756df.jpg,,,,,
/media/zac/12TB Drive/covid-detector/extracted_images/jpgs/6c50c9903dc4.jpg,,,,,
/media/zac/12TB Drive/covid-detector/extracted_images/jpgs/6c8fb4dd5fd7.jpg,,,,,
/media/zac/12TB Drive/covid-detector/extracted_images/jpgs/6d1d65e65b8c.jpg,,,,,
/media/zac/12TB Drive/covid-detector/extracted_images/jpgs/6d2fb9851b18.jpg,,,,,
/media/zac/12TB Drive/covid-detector/extracted_images/jpgs/6df2d2ec8f31.jpg,,,,,
/media/zac/12TB Drive/covid-detector/extracted_images/jpgs/6dff1a912e05.jpg,,,,,
/media/zac/12TB Drive/covid-detector/extracted_images/jpgs/6eeb7ab0f97d.jpg,,,,,
/media/zac/12TB Drive/covid-detector/extracted_images/jpgs/6f815bf5bac5.jpg,,,,,
/media/zac/12TB Drive/covid-detector/extracted_images/jpgs/6f829732256b.jpg,,,,,
/media/zac/12TB Drive/covid-detector/extracted_images/jpgs/6fd622cf52fc.jpg,,,,,
/media/zac/12TB Drive/covid-detector/extracted_images/jpgs/7064823e0cf2.jpg,,,,,
/media/zac/12TB Drive/covid-detector/extracted_images/jpgs/7067c4fcc1db.jpg,,,,,
/media/zac/12TB Drive/covid-detector/extracted_images/jpgs/708d6ec7641b.jpg,,,,,
/media/zac/12TB Drive/covid-detector/extracted_images/jpgs/70e85faa319e.jpg,,,,,
/media/zac/12TB Drive/covid-detector/extracted_images/jpgs/7117291867a9.jpg,,,,,
/media/zac/12TB Drive/covid-detector/extracted_images/jpgs/7125a29cfb98.jpg,,,,,
/media/zac/12TB Drive/covid-detector/extracted_images/jpgs/717e09848fff.jpg,,,,,
/media/zac/12TB Drive/covid-detector/extracted_images/jpgs/71dc037443f4.jpg,,,,,
/media/zac/12TB Drive/covid-detector/extracted_images/jpgs/721efb1d26f9.jpg,,,,,
/media/zac/12TB Drive/covid-detector/extracted_images/jpgs/7231961852ab.jpg,,,,,
/media/zac/12TB Drive/covid-detector/extracted_images/jpgs/72440fab97f3.jpg,,,,,
/media/zac/12TB Drive/covid-detector/extracted_images/jpgs/72df8e8bb056.jpg,,,,,
/media/zac/12TB Drive/covid-detector/extracted_images/jpgs/72e6cd168bd6.jpg,,,,,
/media/zac/12TB Drive/covid-detector/extracted_images/jpgs/7319e0693070.jpg,,,,,
/media/zac/12TB Drive/covid-detector/extracted_images/jpgs/73368068ce90.jpg,,,,,
/media/zac/12TB Drive/covid-detector/extracted_images/jpgs/7378dd10d817.jpg,,,,,
/media/zac/12TB Drive/covid-detector/extracted_images/jpgs/738a252ee73d.jpg,,,,,
/media/zac/12TB Drive/covid-detector/extracted_images/jpgs/7398f38d9637.jpg,,,,,
/media/zac/12TB Drive/covid-detector/extracted_images/jpgs/73a3630753a5.jpg,,,,,
/media/zac/12TB Drive/covid-detector/extracted_images/jpgs/73d421bdd99d.jpg,,,,,
/media/zac/12TB Drive/covid-detector/extracted_images/jpgs/73df6b5190c2.jpg,,,,,
/media/zac/12TB Drive/covid-detector/extracted_images/jpgs/741238a3e28c.jpg,,,,,
/media/zac/12TB Drive/covid-detector/extracted_images/jpgs/742bee86b70a.jpg,,,,,
/media/zac/12TB Drive/covid-detector/extracted_images/jpgs/7436f7be97b8.jpg,,,,,
/media/zac/12TB Drive/covid-detector/extracted_images/jpgs/74ef938282be.jpg,,,,,
/media/zac/12TB Drive/covid-detector/extracted_images/jpgs/75646278cf22.jpg,,,,,
/media/zac/12TB Drive/covid-detector/extracted_images/jpgs/757ef6d4f79d.jpg,,,,,
/media/zac/12TB Drive/covid-detector/extracted_images/jpgs/759b6afea372.jpg,,,,,
/media/zac/12TB Drive/covid-detector/extracted_images/jpgs/75aed394a4e4.jpg,,,,,
/media/zac/12TB Drive/covid-detector/extracted_images/jpgs/75be01c482a8.jpg,,,,,
/media/zac/12TB Drive/covid-detector/extracted_images/jpgs/75c7112673de.jpg,,,,,
/media/zac/12TB Drive/covid-detector/extracted_images/jpgs/75ffbfb197a3.jpg,,,,,
/media/zac/12TB Drive/covid-detector/extracted_images/jpgs/761288427a0d.jpg,,,,,
/media/zac/12TB Drive/covid-detector/extracted_images/jpgs/7633b09ae491.jpg,,,,,
/media/zac/12TB Drive/covid-detector/extracted_images/jpgs/763b2412292e.jpg,,,,,
/media/zac/12TB Drive/covid-detector/extracted_images/jpgs/76441f9357f5.jpg,,,,,
/media/zac/12TB Drive/covid-detector/extracted_images/jpgs/7652321644be.jpg,,,,,
/media/zac/12TB Drive/covid-detector/extracted_images/jpgs/76ac53629eda.jpg,,,,,
/media/zac/12TB Drive/covid-detector/extracted_images/jpgs/76d45ddd80d8.jpg,,,,,
/media/zac/12TB Drive/covid-detector/extracted_images/jpgs/7701656709e4.jpg,,,,,
/media/zac/12TB Drive/covid-detector/extracted_images/jpgs/77b79c8d52b9.jpg,,,,,
/media/zac/12TB Drive/covid-detector/extracted_images/jpgs/787a6a770572.jpg,,,,,
/media/zac/12TB Drive/covid-detector/extracted_images/jpgs/787dc6109e4a.jpg,,,,,
/media/zac/12TB Drive/covid-detector/extracted_images/jpgs/78a25e4b11dd.jpg,,,,,
/media/zac/12TB Drive/covid-detector/extracted_images/jpgs/78e928d741d3.jpg,,,,,
/media/zac/12TB Drive/covid-detector/extracted_images/jpgs/793ddb7bc6cd.jpg,,,,,
/media/zac/12TB Drive/covid-detector/extracted_images/jpgs/79b7ba0210bb.jpg,,,,,
/media/zac/12TB Drive/covid-detector/extracted_images/jpgs/79f4c8de6d24.jpg,,,,,
/media/zac/12TB Drive/covid-detector/extracted_images/jpgs/7a27260fe703.jpg,,,,,
/media/zac/12TB Drive/covid-detector/extracted_images/jpgs/7a2cf7f59bf2.jpg,,,,,
/media/zac/12TB Drive/covid-detector/extracted_images/jpgs/7a596c4c3888.jpg,,,,,
/media/zac/12TB Drive/covid-detector/extracted_images/jpgs/7a733f167e29.jpg,,,,,
/media/zac/12TB Drive/covid-detector/extracted_images/jpgs/7a9e05e5bdc6.jpg,,,,,
/media/zac/12TB Drive/covid-detector/extracted_images/jpgs/7ad04f964fa8.jpg,,,,,
/media/zac/12TB Drive/covid-detector/extracted_images/jpgs/7ae3ba379660.jpg,,,,,
/media/zac/12TB Drive/covid-detector/extracted_images/jpgs/7b044ee686fe.jpg,,,,,
/media/zac/12TB Drive/covid-detector/extracted_images/jpgs/7b1ec55963f8.jpg,,,,,
/media/zac/12TB Drive/covid-detector/extracted_images/jpgs/7b3cd095516f.jpg,,,,,
/media/zac/12TB Drive/covid-detector/extracted_images/jpgs/7b3e9f13d4e7.jpg,,,,,
/media/zac/12TB Drive/covid-detector/extracted_images/jpgs/7b4eafaf6b6e.jpg,,,,,
/media/zac/12TB Drive/covid-detector/extracted_images/jpgs/7b55ab8c5922.jpg,,,,,
/media/zac/12TB Drive/covid-detector/extracted_images/jpgs/7b5b5f6bcda4.jpg,,,,,
/media/zac/12TB Drive/covid-detector/extracted_images/jpgs/7b64f13eadcd.jpg,,,,,
/media/zac/12TB Drive/covid-detector/extracted_images/jpgs/7b7275d670e7.jpg,,,,,
/media/zac/12TB Drive/covid-detector/extracted_images/jpgs/7b76a00cfb3a.jpg,,,,,
/media/zac/12TB Drive/covid-detector/extracted_images/jpgs/7b979a04f903.jpg,,,,,
/media/zac/12TB Drive/covid-detector/extracted_images/jpgs/7c048e40d7f3.jpg,,,,,
/media/zac/12TB Drive/covid-detector/extracted_images/jpgs/7c263210261c.jpg,,,,,
/media/zac/12TB Drive/covid-detector/extracted_images/jpgs/7c46483f6ef9.jpg,,,,,
/media/zac/12TB Drive/covid-detector/extracted_images/jpgs/7c4a926c42d4.jpg,,,,,
/media/zac/12TB Drive/covid-detector/extracted_images/jpgs/7d15af0d52ba.jpg,,,,,
/media/zac/12TB Drive/covid-detector/extracted_images/jpgs/7d27b1bb3987.jpg,,,,,
/media/zac/12TB Drive/covid-detector/extracted_images/jpgs/7d47d7c39f13.jpg,,,,,
/media/zac/12TB Drive/covid-detector/extracted_images/jpgs/7d622deec073.jpg,,,,,
/media/zac/12TB Drive/covid-detector/extracted_images/jpgs/7dbf5ada5b7b.jpg,,,,,
/media/zac/12TB Drive/covid-detector/extracted_images/jpgs/7dbfb4abc250.jpg,,,,,
/media/zac/12TB Drive/covid-detector/extracted_images/jpgs/7e35c1c82ff3.jpg,,,,,
/media/zac/12TB Drive/covid-detector/extracted_images/jpgs/7e8966bfec61.jpg,,,,,
/media/zac/12TB Drive/covid-detector/extracted_images/jpgs/7eb3b85fb3ae.jpg,,,,,
/media/zac/12TB Drive/covid-detector/extracted_images/jpgs/7f24746a7a53.jpg,,,,,
/media/zac/12TB Drive/covid-detector/extracted_images/jpgs/7f6ad0122fc2.jpg,,,,,
/media/zac/12TB Drive/covid-detector/extracted_images/jpgs/7f8227faa07a.jpg,,,,,
/media/zac/12TB Drive/covid-detector/extracted_images/jpgs/7fc06d300d14.jpg,,,,,
/media/zac/12TB Drive/covid-detector/extracted_images/jpgs/7fd3883d944d.jpg,,,,,
/media/zac/12TB Drive/covid-detector/extracted_images/jpgs/7fe11cfd6e3d.jpg,,,,,
/media/zac/12TB Drive/covid-detector/extracted_images/jpgs/8029bfa40f02.jpg,,,,,
/media/zac/12TB Drive/covid-detector/extracted_images/jpgs/8069c13ddcb9.jpg,,,,,
/media/zac/12TB Drive/covid-detector/extracted_images/jpgs/807656417522.jpg,,,,,
/media/zac/12TB Drive/covid-detector/extracted_images/jpgs/808c6d6f6aba.jpg,,,,,
/media/zac/12TB Drive/covid-detector/extracted_images/jpgs/80f7e5187924.jpg,,,,,
/media/zac/12TB Drive/covid-detector/extracted_images/jpgs/80fce345720c.jpg,,,,,
/media/zac/12TB Drive/covid-detector/extracted_images/jpgs/8128e3db6050.jpg,,,,,
/media/zac/12TB Drive/covid-detector/extracted_images/jpgs/814c444eca84.jpg,,,,,
/media/zac/12TB Drive/covid-detector/extracted_images/jpgs/816c386cdbb2.jpg,,,,,
/media/zac/12TB Drive/covid-detector/extracted_images/jpgs/81c988c895a8.jpg,,,,,
/media/zac/12TB Drive/covid-detector/extracted_images/jpgs/82436fda2f12.jpg,,,,,
/media/zac/12TB Drive/covid-detector/extracted_images/jpgs/8264e04044f7.jpg,,,,,
/media/zac/12TB Drive/covid-detector/extracted_images/jpgs/8293e88f28d6.jpg,,,,,
/media/zac/12TB Drive/covid-detector/extracted_images/jpgs/82a124c5336a.jpg,,,,,
/media/zac/12TB Drive/covid-detector/extracted_images/jpgs/82ac18114c98.jpg,,,,,
/media/zac/12TB Drive/covid-detector/extracted_images/jpgs/82ad2f6b6dd1.jpg,,,,,
/media/zac/12TB Drive/covid-detector/extracted_images/jpgs/82bbfbe2fc2f.jpg,,,,,
/media/zac/12TB Drive/covid-detector/extracted_images/jpgs/83569c76974e.jpg,,,,,
/media/zac/12TB Drive/covid-detector/extracted_images/jpgs/8390ca18ba00.jpg,,,,,
/media/zac/12TB Drive/covid-detector/extracted_images/jpgs/83ce6df2cf98.jpg,,,,,
/media/zac/12TB Drive/covid-detector/extracted_images/jpgs/83f72d6b60d1.jpg,,,,,
/media/zac/12TB Drive/covid-detector/extracted_images/jpgs/84135cf828e7.jpg,,,,,
/media/zac/12TB Drive/covid-detector/extracted_images/jpgs/841d4ce2cfe7.jpg,,,,,
/media/zac/12TB Drive/covid-detector/extracted_images/jpgs/847f48f57169.jpg,,,,,
/media/zac/12TB Drive/covid-detector/extracted_images/jpgs/84ed5f7f71bf.jpg,,,,,
/media/zac/12TB Drive/covid-detector/extracted_images/jpgs/8529395d2a79.jpg,,,,,
/media/zac/12TB Drive/covid-detector/extracted_images/jpgs/8555f2e32e4f.jpg,,,,,
/media/zac/12TB Drive/covid-detector/extracted_images/jpgs/85e9126deab4.jpg,,,,,
/media/zac/12TB Drive/covid-detector/extracted_images/jpgs/85ffddb247ad.jpg,,,,,
/media/zac/12TB Drive/covid-detector/extracted_images/jpgs/860bd55d358c.jpg,,,,,
/media/zac/12TB Drive/covid-detector/extracted_images/jpgs/8671f7920c4f.jpg,,,,,
/media/zac/12TB Drive/covid-detector/extracted_images/jpgs/86e2affffb19.jpg,,,,,
/media/zac/12TB Drive/covid-detector/extracted_images/jpgs/874176447611.jpg,,,,,
/media/zac/12TB Drive/covid-detector/extracted_images/jpgs/87717257302c.jpg,,,,,
/media/zac/12TB Drive/covid-detector/extracted_images/jpgs/8796d926ea05.jpg,,,,,
/media/zac/12TB Drive/covid-detector/extracted_images/jpgs/87b09a580230.jpg,,,,,
/media/zac/12TB Drive/covid-detector/extracted_images/jpgs/880c10b2c075.jpg,,,,,
/media/zac/12TB Drive/covid-detector/extracted_images/jpgs/882aa657e170.jpg,,,,,
/media/zac/12TB Drive/covid-detector/extracted_images/jpgs/8867b5e6d09e.jpg,,,,,
/media/zac/12TB Drive/covid-detector/extracted_images/jpgs/887f2a3f5441.jpg,,,,,
/media/zac/12TB Drive/covid-detector/extracted_images/jpgs/88d23ea210a1.jpg,,,,,
/media/zac/12TB Drive/covid-detector/extracted_images/jpgs/8925b615fc62.jpg,,,,,
/media/zac/12TB Drive/covid-detector/extracted_images/jpgs/8951eac18958.jpg,,,,,
/media/zac/12TB Drive/covid-detector/extracted_images/jpgs/89cf5d968135.jpg,,,,,
/media/zac/12TB Drive/covid-detector/extracted_images/jpgs/89f79c0409a8.jpg,,,,,
/media/zac/12TB Drive/covid-detector/extracted_images/jpgs/8a41350ed766.jpg,,,,,
/media/zac/12TB Drive/covid-detector/extracted_images/jpgs/8a6178c3911b.jpg,,,,,
/media/zac/12TB Drive/covid-detector/extracted_images/jpgs/8a80cfa63a23.jpg,,,,,
/media/zac/12TB Drive/covid-detector/extracted_images/jpgs/8ac7a1e5680a.jpg,,,,,
/media/zac/12TB Drive/covid-detector/extracted_images/jpgs/8b69eacf9a7b.jpg,,,,,
/media/zac/12TB Drive/covid-detector/extracted_images/jpgs/8b86757fa9fe.jpg,,,,,
/media/zac/12TB Drive/covid-detector/extracted_images/jpgs/8b8c02c85740.jpg,,,,,
/media/zac/12TB Drive/covid-detector/extracted_images/jpgs/8c00b0d57a91.jpg,,,,,
/media/zac/12TB Drive/covid-detector/extracted_images/jpgs/8c4ebd2f89ba.jpg,,,,,
/media/zac/12TB Drive/covid-detector/extracted_images/jpgs/8cb5554d94c7.jpg,,,,,
/media/zac/12TB Drive/covid-detector/extracted_images/jpgs/8cd29e5eac35.jpg,,,,,
/media/zac/12TB Drive/covid-detector/extracted_images/jpgs/8cee096a8d9a.jpg,,,,,
/media/zac/12TB Drive/covid-detector/extracted_images/jpgs/8cf4d311fd34.jpg,,,,,
/media/zac/12TB Drive/covid-detector/extracted_images/jpgs/8d172794061c.jpg,,,,,
/media/zac/12TB Drive/covid-detector/extracted_images/jpgs/8d6a09b06013.jpg,,,,,
/media/zac/12TB Drive/covid-detector/extracted_images/jpgs/8d774f02657c.jpg,,,,,
/media/zac/12TB Drive/covid-detector/extracted_images/jpgs/8d8edfaaf473.jpg,,,,,
/media/zac/12TB Drive/covid-detector/extracted_images/jpgs/8ddef4d6b60e.jpg,,,,,
/media/zac/12TB Drive/covid-detector/extracted_images/jpgs/8e1f25bdf6ec.jpg,,,,,
/media/zac/12TB Drive/covid-detector/extracted_images/jpgs/8e486df25480.jpg,,,,,
/media/zac/12TB Drive/covid-detector/extracted_images/jpgs/8f3472758167.jpg,,,,,
/media/zac/12TB Drive/covid-detector/extracted_images/jpgs/8f3ea7909126.jpg,,,,,
/media/zac/12TB Drive/covid-detector/extracted_images/jpgs/8fcdd69753ab.jpg,,,,,
/media/zac/12TB Drive/covid-detector/extracted_images/jpgs/8ffe76d2e1e7.jpg,,,,,
/media/zac/12TB Drive/covid-detector/extracted_images/jpgs/90083b30af75.jpg,,,,,
/media/zac/12TB Drive/covid-detector/extracted_images/jpgs/90a509d16478.jpg,,,,,
/media/zac/12TB Drive/covid-detector/extracted_images/jpgs/90d3329608a1.jpg,,,,,
/media/zac/12TB Drive/covid-detector/extracted_images/jpgs/912fbfa9f737.jpg,,,,,
/media/zac/12TB Drive/covid-detector/extracted_images/jpgs/91626ce94649.jpg,,,,,
/media/zac/12TB Drive/covid-detector/extracted_images/jpgs/91836280808a.jpg,,,,,
/media/zac/12TB Drive/covid-detector/extracted_images/jpgs/918882a9619f.jpg,,,,,
/media/zac/12TB Drive/covid-detector/extracted_images/jpgs/91f214e069e6.jpg,,,,,
/media/zac/12TB Drive/covid-detector/extracted_images/jpgs/91fe5cb436fa.jpg,,,,,
/media/zac/12TB Drive/covid-detector/extracted_images/jpgs/9268cee8f850.jpg,,,,,
/media/zac/12TB Drive/covid-detector/extracted_images/jpgs/927f5e9140fc.jpg,,,,,
/media/zac/12TB Drive/covid-detector/extracted_images/jpgs/92bcb7f3b9f0.jpg,,,,,
/media/zac/12TB Drive/covid-detector/extracted_images/jpgs/92d27a1b8959.jpg,,,,,
/media/zac/12TB Drive/covid-detector/extracted_images/jpgs/9321fdb7956b.jpg,,,,,
/media/zac/12TB Drive/covid-detector/extracted_images/jpgs/932dabe18d3c.jpg,,,,,
/media/zac/12TB Drive/covid-detector/extracted_images/jpgs/933f80e2c741.jpg,,,,,
/media/zac/12TB Drive/covid-detector/extracted_images/jpgs/9344a6cf4093.jpg,,,,,
/media/zac/12TB Drive/covid-detector/extracted_images/jpgs/93a1b92fa183.jpg,,,,,
/media/zac/12TB Drive/covid-detector/extracted_images/jpgs/93e2ba184079.jpg,,,,,
/media/zac/12TB Drive/covid-detector/extracted_images/jpgs/9428ac73e507.jpg,,,,,
/media/zac/12TB Drive/covid-detector/extracted_images/jpgs/94616d207933.jpg,,,,,
/media/zac/12TB Drive/covid-detector/extracted_images/jpgs/94821c5f57df.jpg,,,,,
/media/zac/12TB Drive/covid-detector/extracted_images/jpgs/94825b693577.jpg,,,,,
/media/zac/12TB Drive/covid-detector/extracted_images/jpgs/949c554213c4.jpg,,,,,
/media/zac/12TB Drive/covid-detector/extracted_images/jpgs/94ac06d0b5d9.jpg,,,,,
/media/zac/12TB Drive/covid-detector/extracted_images/jpgs/94b47145a1cd.jpg,,,,,
/media/zac/12TB Drive/covid-detector/extracted_images/jpgs/94dfaa1ebe4d.jpg,,,,,
/media/zac/12TB Drive/covid-detector/extracted_images/jpgs/9539fdd22027.jpg,,,,,
/media/zac/12TB Drive/covid-detector/extracted_images/jpgs/960be5d120af.jpg,,,,,
/media/zac/12TB Drive/covid-detector/extracted_images/jpgs/96324b46bc4c.jpg,,,,,
/media/zac/12TB Drive/covid-detector/extracted_images/jpgs/9641578a178b.jpg,,,,,
/media/zac/12TB Drive/covid-detector/extracted_images/jpgs/96b766b758fc.jpg,,,,,
/media/zac/12TB Drive/covid-detector/extracted_images/jpgs/96ef77785c24.jpg,,,,,
/media/zac/12TB Drive/covid-detector/extracted_images/jpgs/9745a7b0789a.jpg,,,,,
/media/zac/12TB Drive/covid-detector/extracted_images/jpgs/9774d727d492.jpg,,,,,
/media/zac/12TB Drive/covid-detector/extracted_images/jpgs/982d490479ca.jpg,,,,,
/media/zac/12TB Drive/covid-detector/extracted_images/jpgs/985d4c05cfaa.jpg,,,,,
/media/zac/12TB Drive/covid-detector/extracted_images/jpgs/991756246f03.jpg,,,,,
/media/zac/12TB Drive/covid-detector/extracted_images/jpgs/99cb751aae3a.jpg,,,,,
/media/zac/12TB Drive/covid-detector/extracted_images/jpgs/99e8d942f5b8.jpg,,,,,
/media/zac/12TB Drive/covid-detector/extracted_images/jpgs/9a06de614828.jpg,,,,,
/media/zac/12TB Drive/covid-detector/extracted_images/jpgs/9a8d4bf6141a.jpg,,,,,
/media/zac/12TB Drive/covid-detector/extracted_images/jpgs/9aec542242bc.jpg,,,,,
/media/zac/12TB Drive/covid-detector/extracted_images/jpgs/9aec95256522.jpg,,,,,
/media/zac/12TB Drive/covid-detector/extracted_images/jpgs/9b056a88674c.jpg,,,,,
/media/zac/12TB Drive/covid-detector/extracted_images/jpgs/9b3d574321bf.jpg,,,,,
/media/zac/12TB Drive/covid-detector/extracted_images/jpgs/9bc4d429d4e8.jpg,,,,,
/media/zac/12TB Drive/covid-detector/extracted_images/jpgs/9c0c6581bc36.jpg,,,,,
/media/zac/12TB Drive/covid-detector/extracted_images/jpgs/9cb77d59b14a.jpg,,,,,
/media/zac/12TB Drive/covid-detector/extracted_images/jpgs/9cebf3ac862c.jpg,,,,,
/media/zac/12TB Drive/covid-detector/extracted_images/jpgs/9d20ff2ff577.jpg,,,,,
/media/zac/12TB Drive/covid-detector/extracted_images/jpgs/9da650d46c0b.jpg,,,,,
/media/zac/12TB Drive/covid-detector/extracted_images/jpgs/9df36fb4a0f1.jpg,,,,,
/media/zac/12TB Drive/covid-detector/extracted_images/jpgs/9e43da13bc66.jpg,,,,,
/media/zac/12TB Drive/covid-detector/extracted_images/jpgs/9e879235655a.jpg,,,,,
/media/zac/12TB Drive/covid-detector/extracted_images/jpgs/9e987cbededa.jpg,,,,,
/media/zac/12TB Drive/covid-detector/extracted_images/jpgs/9f3470af5675.jpg,,,,,
/media/zac/12TB Drive/covid-detector/extracted_images/jpgs/9fe6a60764df.jpg,,,,,
/media/zac/12TB Drive/covid-detector/extracted_images/jpgs/9ff1a3671dca.jpg,,,,,
/media/zac/12TB Drive/covid-detector/extracted_images/jpgs/9ff246567c0d.jpg,,,,,
/media/zac/12TB Drive/covid-detector/extracted_images/jpgs/a039679aecf1.jpg,,,,,
/media/zac/12TB Drive/covid-detector/extracted_images/jpgs/a0576acc82d2.jpg,,,,,
/media/zac/12TB Drive/covid-detector/extracted_images/jpgs/a1279146145c.jpg,,,,,
/media/zac/12TB Drive/covid-detector/extracted_images/jpgs/a159880ddb87.jpg,,,,,
/media/zac/12TB Drive/covid-detector/extracted_images/jpgs/a16b4c54153c.jpg,,,,,
/media/zac/12TB Drive/covid-detector/extracted_images/jpgs/a18eeacf287a.jpg,,,,,
/media/zac/12TB Drive/covid-detector/extracted_images/jpgs/a1a1617c0671.jpg,,,,,
/media/zac/12TB Drive/covid-detector/extracted_images/jpgs/a226584b9b79.jpg,,,,,
/media/zac/12TB Drive/covid-detector/extracted_images/jpgs/a2613e16424d.jpg,,,,,
/media/zac/12TB Drive/covid-detector/extracted_images/jpgs/a29648f7c9c0.jpg,,,,,
/media/zac/12TB Drive/covid-detector/extracted_images/jpgs/a3d4029a671d.jpg,,,,,
/media/zac/12TB Drive/covid-detector/extracted_images/jpgs/a3f39bd39314.jpg,,,,,
/media/zac/12TB Drive/covid-detector/extracted_images/jpgs/a414f67f5735.jpg,,,,,
/media/zac/12TB Drive/covid-detector/extracted_images/jpgs/a48c16f1d0e5.jpg,,,,,
/media/zac/12TB Drive/covid-detector/extracted_images/jpgs/a49e3aad5fa2.jpg,,,,,
/media/zac/12TB Drive/covid-detector/extracted_images/jpgs/a4a0a64989fd.jpg,,,,,
/media/zac/12TB Drive/covid-detector/extracted_images/jpgs/a4faba634b4f.jpg,,,,,
/media/zac/12TB Drive/covid-detector/extracted_images/jpgs/a51a85d4bcb0.jpg,,,,,
/media/zac/12TB Drive/covid-detector/extracted_images/jpgs/a51e92ea4a9a.jpg,,,,,
/media/zac/12TB Drive/covid-detector/extracted_images/jpgs/a5b0a1b1c7c5.jpg,,,,,
/media/zac/12TB Drive/covid-detector/extracted_images/jpgs/a5d628756358.jpg,,,,,
/media/zac/12TB Drive/covid-detector/extracted_images/jpgs/a5d66b038255.jpg,,,,,
/media/zac/12TB Drive/covid-detector/extracted_images/jpgs/a5ec3831886a.jpg,,,,,
/media/zac/12TB Drive/covid-detector/extracted_images/jpgs/a600ed075926.jpg,,,,,
/media/zac/12TB Drive/covid-detector/extracted_images/jpgs/a618d316ce00.jpg,,,,,
/media/zac/12TB Drive/covid-detector/extracted_images/jpgs/a656f310024c.jpg,,,,,
/media/zac/12TB Drive/covid-detector/extracted_images/jpgs/a6de43bd68d4.jpg,,,,,
/media/zac/12TB Drive/covid-detector/extracted_images/jpgs/a7077c5d097c.jpg,,,,,
/media/zac/12TB Drive/covid-detector/extracted_images/jpgs/a714abec2bef.jpg,,,,,
/media/zac/12TB Drive/covid-detector/extracted_images/jpgs/a795d215c013.jpg,,,,,
/media/zac/12TB Drive/covid-detector/extracted_images/jpgs/a7d0372ba917.jpg,,,,,
/media/zac/12TB Drive/covid-detector/extracted_images/jpgs/a815876879fa.jpg,,,,,
/media/zac/12TB Drive/covid-detector/extracted_images/jpgs/a82bf3cc9727.jpg,,,,,
/media/zac/12TB Drive/covid-detector/extracted_images/jpgs/a8307a24ea1d.jpg,,,,,
/media/zac/12TB Drive/covid-detector/extracted_images/jpgs/a98318b68937.jpg,,,,,
/media/zac/12TB Drive/covid-detector/extracted_images/jpgs/aa18b67e9ecd.jpg,,,,,
/media/zac/12TB Drive/covid-detector/extracted_images/jpgs/ab54605f795a.jpg,,,,,
/media/zac/12TB Drive/covid-detector/extracted_images/jpgs/ab6c943a5189.jpg,,,,,
/media/zac/12TB Drive/covid-detector/extracted_images/jpgs/aba3c1c137fb.jpg,,,,,
/media/zac/12TB Drive/covid-detector/extracted_images/jpgs/abe7166bb280.jpg,,,,,
/media/zac/12TB Drive/covid-detector/extracted_images/jpgs/ac8ac6f5f955.jpg,,,,,
/media/zac/12TB Drive/covid-detector/extracted_images/jpgs/acac0f331a45.jpg,,,,,
/media/zac/12TB Drive/covid-detector/extracted_images/jpgs/acb3af026387.jpg,,,,,
/media/zac/12TB Drive/covid-detector/extracted_images/jpgs/acca96bd8543.jpg,,,,,
/media/zac/12TB Drive/covid-detector/extracted_images/jpgs/acd6abf84731.jpg,,,,,
/media/zac/12TB Drive/covid-detector/extracted_images/jpgs/ad22bba45d10.jpg,,,,,
/media/zac/12TB Drive/covid-detector/extracted_images/jpgs/ad3577882efb.jpg,,,,,
/media/zac/12TB Drive/covid-detector/extracted_images/jpgs/ad4901d0adff.jpg,,,,,
/media/zac/12TB Drive/covid-detector/extracted_images/jpgs/ad9728a13dbb.jpg,,,,,
/media/zac/12TB Drive/covid-detector/extracted_images/jpgs/ade3c3a06a61.jpg,,,,,
/media/zac/12TB Drive/covid-detector/extracted_images/jpgs/adf925d6c357.jpg,,,,,
/media/zac/12TB Drive/covid-detector/extracted_images/jpgs/ae56e7be5c64.jpg,,,,,
/media/zac/12TB Drive/covid-detector/extracted_images/jpgs/ae68234eb2d3.jpg,,,,,
/media/zac/12TB Drive/covid-detector/extracted_images/jpgs/ae69378d7075.jpg,,,,,
/media/zac/12TB Drive/covid-detector/extracted_images/jpgs/ae74dd24e78f.jpg,,,,,
/media/zac/12TB Drive/covid-detector/extracted_images/jpgs/ae7cb785f354.jpg,,,,,
/media/zac/12TB Drive/covid-detector/extracted_images/jpgs/ae8fecc25309.jpg,,,,,
/media/zac/12TB Drive/covid-detector/extracted_images/jpgs/af2483e31bc1.jpg,,,,,
/media/zac/12TB Drive/covid-detector/extracted_images/jpgs/af6e597c23c4.jpg,,,,,
/media/zac/12TB Drive/covid-detector/extracted_images/jpgs/af7a7d33882f.jpg,,,,,
/media/zac/12TB Drive/covid-detector/extracted_images/jpgs/b0411f8ff940.jpg,,,,,
/media/zac/12TB Drive/covid-detector/extracted_images/jpgs/b07771277fb1.jpg,,,,,
/media/zac/12TB Drive/covid-detector/extracted_images/jpgs/b09fea59190a.jpg,,,,,
/media/zac/12TB Drive/covid-detector/extracted_images/jpgs/b0b9108df373.jpg,,,,,
/media/zac/12TB Drive/covid-detector/extracted_images/jpgs/b287167d9c72.jpg,,,,,
/media/zac/12TB Drive/covid-detector/extracted_images/jpgs/b28ce3fcf553.jpg,,,,,
/media/zac/12TB Drive/covid-detector/extracted_images/jpgs/b297e82a912c.jpg,,,,,
/media/zac/12TB Drive/covid-detector/extracted_images/jpgs/b2d8fe7955e2.jpg,,,,,
/media/zac/12TB Drive/covid-detector/extracted_images/jpgs/b2e43b7299f1.jpg,,,,,
/media/zac/12TB Drive/covid-detector/extracted_images/jpgs/b2f2e636ad17.jpg,,,,,
/media/zac/12TB Drive/covid-detector/extracted_images/jpgs/b3238380acef.jpg,,,,,
/media/zac/12TB Drive/covid-detector/extracted_images/jpgs/b357652d690b.jpg,,,,,
/media/zac/12TB Drive/covid-detector/extracted_images/jpgs/b37a7290d957.jpg,,,,,
/media/zac/12TB Drive/covid-detector/extracted_images/jpgs/b37f6a547874.jpg,,,,,
/media/zac/12TB Drive/covid-detector/extracted_images/jpgs/b394d991b617.jpg,,,,,
/media/zac/12TB Drive/covid-detector/extracted_images/jpgs/b3b4c3900554.jpg,,,,,
/media/zac/12TB Drive/covid-detector/extracted_images/jpgs/b431787c9f2f.jpg,,,,,
/media/zac/12TB Drive/covid-detector/extracted_images/jpgs/b4fcb78a1832.jpg,,,,,
/media/zac/12TB Drive/covid-detector/extracted_images/jpgs/b50dcba25100.jpg,,,,,
/media/zac/12TB Drive/covid-detector/extracted_images/jpgs/b516fd40f57c.jpg,,,,,
/media/zac/12TB Drive/covid-detector/extracted_images/jpgs/b55092ef36fc.jpg,,,,,
/media/zac/12TB Drive/covid-detector/extracted_images/jpgs/b5ba0e605601.jpg,,,,,
/media/zac/12TB Drive/covid-detector/extracted_images/jpgs/b5da204ba6ff.jpg,,,,,
/media/zac/12TB Drive/covid-detector/extracted_images/jpgs/b61366ad6c90.jpg,,,,,
/media/zac/12TB Drive/covid-detector/extracted_images/jpgs/b621bc3532ca.jpg,,,,,
/media/zac/12TB Drive/covid-detector/extracted_images/jpgs/b648e954aec9.jpg,,,,,
/media/zac/12TB Drive/covid-detector/extracted_images/jpgs/b66ed059a224.jpg,,,,,
/media/zac/12TB Drive/covid-detector/extracted_images/jpgs/b689306ef723.jpg,,,,,
/media/zac/12TB Drive/covid-detector/extracted_images/jpgs/b69412006842.jpg,,,,,
/media/zac/12TB Drive/covid-detector/extracted_images/jpgs/b6aac964746c.jpg,,,,,
/media/zac/12TB Drive/covid-detector/extracted_images/jpgs/b6f989cfd190.jpg,,,,,
/media/zac/12TB Drive/covid-detector/extracted_images/jpgs/b70e58bfaa55.jpg,,,,,
/media/zac/12TB Drive/covid-detector/extracted_images/jpgs/b713660c7f89.jpg,,,,,
/media/zac/12TB Drive/covid-detector/extracted_images/jpgs/b759b01b32fb.jpg,,,,,
/media/zac/12TB Drive/covid-detector/extracted_images/jpgs/b76c0e6d12c2.jpg,,,,,
/media/zac/12TB Drive/covid-detector/extracted_images/jpgs/b77c924282ea.jpg,,,,,
/media/zac/12TB Drive/covid-detector/extracted_images/jpgs/b77e1333a2b3.jpg,,,,,
/media/zac/12TB Drive/covid-detector/extracted_images/jpgs/b7df05b419df.jpg,,,,,
/media/zac/12TB Drive/covid-detector/extracted_images/jpgs/b7f123e4992f.jpg,,,,,
/media/zac/12TB Drive/covid-detector/extracted_images/jpgs/b7fcb9db9d69.jpg,,,,,
/media/zac/12TB Drive/covid-detector/extracted_images/jpgs/b812e01902fa.jpg,,,,,
/media/zac/12TB Drive/covid-detector/extracted_images/jpgs/b84d54b8f940.jpg,,,,,
/media/zac/12TB Drive/covid-detector/extracted_images/jpgs/b86bb52a7263.jpg,,,,,
/media/zac/12TB Drive/covid-detector/extracted_images/jpgs/b8b7df1b6e04.jpg,,,,,
/media/zac/12TB Drive/covid-detector/extracted_images/jpgs/b8b91a4f017a.jpg,,,,,
/media/zac/12TB Drive/covid-detector/extracted_images/jpgs/b8f98967f667.jpg,,,,,
/media/zac/12TB Drive/covid-detector/extracted_images/jpgs/b94286e2c027.jpg,,,,,
/media/zac/12TB Drive/covid-detector/extracted_images/jpgs/b9526de44654.jpg,,,,,
/media/zac/12TB Drive/covid-detector/extracted_images/jpgs/b97828a952ab.jpg,,,,,
/media/zac/12TB Drive/covid-detector/extracted_images/jpgs/b9acfcbb0ab2.jpg,,,,,
/media/zac/12TB Drive/covid-detector/extracted_images/jpgs/ba5294f1feb1.jpg,,,,,
/media/zac/12TB Drive/covid-detector/extracted_images/jpgs/ba582d441629.jpg,,,,,
/media/zac/12TB Drive/covid-detector/extracted_images/jpgs/ba5ddbfff6a9.jpg,,,,,
/media/zac/12TB Drive/covid-detector/extracted_images/jpgs/ba734a9913a7.jpg,,,,,
/media/zac/12TB Drive/covid-detector/extracted_images/jpgs/ba91ac5eeae1.jpg,,,,,
/media/zac/12TB Drive/covid-detector/extracted_images/jpgs/ba9686fa29f2.jpg,,,,,
/media/zac/12TB Drive/covid-detector/extracted_images/jpgs/badf2d31cdbd.jpg,,,,,
/media/zac/12TB Drive/covid-detector/extracted_images/jpgs/bb484ab7a8c6.jpg,,,,,
/media/zac/12TB Drive/covid-detector/extracted_images/jpgs/bbbfe40840c5.jpg,,,,,
/media/zac/12TB Drive/covid-detector/extracted_images/jpgs/bc05eeaa66da.jpg,,,,,
/media/zac/12TB Drive/covid-detector/extracted_images/jpgs/bc21df79edc9.jpg,,,,,
/media/zac/12TB Drive/covid-detector/extracted_images/jpgs/bc32535a40e4.jpg,,,,,
/media/zac/12TB Drive/covid-detector/extracted_images/jpgs/bc364d0be47b.jpg,,,,,
/media/zac/12TB Drive/covid-detector/extracted_images/jpgs/bc67926aa798.jpg,,,,,
/media/zac/12TB Drive/covid-detector/extracted_images/jpgs/bc80e90e5c26.jpg,,,,,
/media/zac/12TB Drive/covid-detector/extracted_images/jpgs/bcdfd2f72125.jpg,,,,,
/media/zac/12TB Drive/covid-detector/extracted_images/jpgs/bceca9f28fd3.jpg,,,,,
/media/zac/12TB Drive/covid-detector/extracted_images/jpgs/bd332c501671.jpg,,,,,
/media/zac/12TB Drive/covid-detector/extracted_images/jpgs/bd4d8e29de6e.jpg,,,,,
/media/zac/12TB Drive/covid-detector/extracted_images/jpgs/bd919cc34ac5.jpg,,,,,
/media/zac/12TB Drive/covid-detector/extracted_images/jpgs/bd99501aa2dd.jpg,,,,,
/media/zac/12TB Drive/covid-detector/extracted_images/jpgs/bda89395eab6.jpg,,,,,
/media/zac/12TB Drive/covid-detector/extracted_images/jpgs/bdae2204d3eb.jpg,,,,,
/media/zac/12TB Drive/covid-detector/extracted_images/jpgs/bdf485c8b391.jpg,,,,,
/media/zac/12TB Drive/covid-detector/extracted_images/jpgs/be05d02f79e9.jpg,,,,,
/media/zac/12TB Drive/covid-detector/extracted_images/jpgs/be68bf7d1885.jpg,,,,,
/media/zac/12TB Drive/covid-detector/extracted_images/jpgs/be842d0ed13f.jpg,,,,,
/media/zac/12TB Drive/covid-detector/extracted_images/jpgs/be8e7e925b95.jpg,,,,,
/media/zac/12TB Drive/covid-detector/extracted_images/jpgs/beaad17c1748.jpg,,,,,
/media/zac/12TB Drive/covid-detector/extracted_images/jpgs/befc0ffd84c3.jpg,,,,,
/media/zac/12TB Drive/covid-detector/extracted_images/jpgs/bf3a6c21cac0.jpg,,,,,
/media/zac/12TB Drive/covid-detector/extracted_images/jpgs/c02550dc623f.jpg,,,,,
/media/zac/12TB Drive/covid-detector/extracted_images/jpgs/c04124bd92d8.jpg,,,,,
/media/zac/12TB Drive/covid-detector/extracted_images/jpgs/c047b07e9259.jpg,,,,,
/media/zac/12TB Drive/covid-detector/extracted_images/jpgs/c04ecfe0baea.jpg,,,,,
/media/zac/12TB Drive/covid-detector/extracted_images/jpgs/c113eeda4af3.jpg,,,,,
/media/zac/12TB Drive/covid-detector/extracted_images/jpgs/c11aa688e0cd.jpg,,,,,
/media/zac/12TB Drive/covid-detector/extracted_images/jpgs/c12672d401e4.jpg,,,,,
/media/zac/12TB Drive/covid-detector/extracted_images/jpgs/c16c290f1601.jpg,,,,,
/media/zac/12TB Drive/covid-detector/extracted_images/jpgs/c1d6bffc0507.jpg,,,,,
/media/zac/12TB Drive/covid-detector/extracted_images/jpgs/c1f7a8613aa3.jpg,,,,,
/media/zac/12TB Drive/covid-detector/extracted_images/jpgs/c2072f9eaca3.jpg,,,,,
/media/zac/12TB Drive/covid-detector/extracted_images/jpgs/c25cb2b70419.jpg,,,,,
/media/zac/12TB Drive/covid-detector/extracted_images/jpgs/c2dabc90054b.jpg,,,,,
/media/zac/12TB Drive/covid-detector/extracted_images/jpgs/c2e09dcc6455.jpg,,,,,
/media/zac/12TB Drive/covid-detector/extracted_images/jpgs/c2f682af3f6a.jpg,,,,,
/media/zac/12TB Drive/covid-detector/extracted_images/jpgs/c2fc38553d0e.jpg,,,,,
/media/zac/12TB Drive/covid-detector/extracted_images/jpgs/c30bd4a1e473.jpg,,,,,
/media/zac/12TB Drive/covid-detector/extracted_images/jpgs/c342453827f9.jpg,,,,,
/media/zac/12TB Drive/covid-detector/extracted_images/jpgs/c376ed382362.jpg,,,,,
/media/zac/12TB Drive/covid-detector/extracted_images/jpgs/c379411716f4.jpg,,,,,
/media/zac/12TB Drive/covid-detector/extracted_images/jpgs/c38ec9e0f7a2.jpg,,,,,
/media/zac/12TB Drive/covid-detector/extracted_images/jpgs/c3ac3699957d.jpg,,,,,
/media/zac/12TB Drive/covid-detector/extracted_images/jpgs/c4812db46b98.jpg,,,,,
/media/zac/12TB Drive/covid-detector/extracted_images/jpgs/c482c51db044.jpg,,,,,
/media/zac/12TB Drive/covid-detector/extracted_images/jpgs/c4b4890357fc.jpg,,,,,
/media/zac/12TB Drive/covid-detector/extracted_images/jpgs/c4f42cc49d8c.jpg,,,,,
/media/zac/12TB Drive/covid-detector/extracted_images/jpgs/c4fa3a69fae0.jpg,,,,,
/media/zac/12TB Drive/covid-detector/extracted_images/jpgs/c52e0c1fca7c.jpg,,,,,
/media/zac/12TB Drive/covid-detector/extracted_images/jpgs/c586f187e632.jpg,,,,,
/media/zac/12TB Drive/covid-detector/extracted_images/jpgs/c5970294a8c3.jpg,,,,,
/media/zac/12TB Drive/covid-detector/extracted_images/jpgs/c59a5aaf618a.jpg,,,,,
/media/zac/12TB Drive/covid-detector/extracted_images/jpgs/c5a479dcbc36.jpg,,,,,
/media/zac/12TB Drive/covid-detector/extracted_images/jpgs/c5c3110fee67.jpg,,,,,
/media/zac/12TB Drive/covid-detector/extracted_images/jpgs/c5c6a58554c9.jpg,,,,,
/media/zac/12TB Drive/covid-detector/extracted_images/jpgs/c6625bd3fedb.jpg,,,,,
/media/zac/12TB Drive/covid-detector/extracted_images/jpgs/c6786dd8d5c9.jpg,,,,,
/media/zac/12TB Drive/covid-detector/extracted_images/jpgs/c69eb2083f50.jpg,,,,,
/media/zac/12TB Drive/covid-detector/extracted_images/jpgs/c725f6525409.jpg,,,,,
/media/zac/12TB Drive/covid-detector/extracted_images/jpgs/c726326bbf49.jpg,,,,,
/media/zac/12TB Drive/covid-detector/extracted_images/jpgs/c74d0b00b765.jpg,,,,,
/media/zac/12TB Drive/covid-detector/extracted_images/jpgs/c7d100353f74.jpg,,,,,
/media/zac/12TB Drive/covid-detector/extracted_images/jpgs/c7e30d6294b7.jpg,,,,,
/media/zac/12TB Drive/covid-detector/extracted_images/jpgs/c80d2df370e8.jpg,,,,,
/media/zac/12TB Drive/covid-detector/extracted_images/jpgs/c814bd58330c.jpg,,,,,
/media/zac/12TB Drive/covid-detector/extracted_images/jpgs/c86ec745fa23.jpg,,,,,
/media/zac/12TB Drive/covid-detector/extracted_images/jpgs/c8796b13ee2d.jpg,,,,,
/media/zac/12TB Drive/covid-detector/extracted_images/jpgs/c8c73939c5ea.jpg,,,,,
/media/zac/12TB Drive/covid-detector/extracted_images/jpgs/c8cf39d50d34.jpg,,,,,
/media/zac/12TB Drive/covid-detector/extracted_images/jpgs/c8e60c5d938d.jpg,,,,,
/media/zac/12TB Drive/covid-detector/extracted_images/jpgs/c8f108eed552.jpg,,,,,
/media/zac/12TB Drive/covid-detector/extracted_images/jpgs/c9132d004fb0.jpg,,,,,
/media/zac/12TB Drive/covid-detector/extracted_images/jpgs/c94baa9aacf2.jpg,,,,,
/media/zac/12TB Drive/covid-detector/extracted_images/jpgs/c957ee30525d.jpg,,,,,
/media/zac/12TB Drive/covid-detector/extracted_images/jpgs/c97d6fe880a7.jpg,,,,,
/media/zac/12TB Drive/covid-detector/extracted_images/jpgs/ca05ff950675.jpg,,,,,
/media/zac/12TB Drive/covid-detector/extracted_images/jpgs/ca0e1d733a52.jpg,,,,,
/media/zac/12TB Drive/covid-detector/extracted_images/jpgs/ca16b13d489c.jpg,,,,,
/media/zac/12TB Drive/covid-detector/extracted_images/jpgs/ca614678802e.jpg,,,,,
/media/zac/12TB Drive/covid-detector/extracted_images/jpgs/caa6cd6c458b.jpg,,,,,
/media/zac/12TB Drive/covid-detector/extracted_images/jpgs/cac34fa486b6.jpg,,,,,
/media/zac/12TB Drive/covid-detector/extracted_images/jpgs/cb006ffb6359.jpg,,,,,
/media/zac/12TB Drive/covid-detector/extracted_images/jpgs/cb8664074d11.jpg,,,,,
/media/zac/12TB Drive/covid-detector/extracted_images/jpgs/cbfd2079791c.jpg,,,,,
/media/zac/12TB Drive/covid-detector/extracted_images/jpgs/cc52e1e94f38.jpg,,,,,
/media/zac/12TB Drive/covid-detector/extracted_images/jpgs/cc97e12153ae.jpg,,,,,
/media/zac/12TB Drive/covid-detector/extracted_images/jpgs/cca1c1a5635c.jpg,,,,,
/media/zac/12TB Drive/covid-detector/extracted_images/jpgs/ccad4abf7b7b.jpg,,,,,
/media/zac/12TB Drive/covid-detector/extracted_images/jpgs/ccd0ab1d9ae4.jpg,,,,,
/media/zac/12TB Drive/covid-detector/extracted_images/jpgs/cd2d1e229ace.jpg,,,,,
/media/zac/12TB Drive/covid-detector/extracted_images/jpgs/cd3029307926.jpg,,,,,
/media/zac/12TB Drive/covid-detector/extracted_images/jpgs/cd588a3e1a88.jpg,,,,,
/media/zac/12TB Drive/covid-detector/extracted_images/jpgs/cdaa750da0ce.jpg,,,,,
/media/zac/12TB Drive/covid-detector/extracted_images/jpgs/ce03278781e2.jpg,,,,,
/media/zac/12TB Drive/covid-detector/extracted_images/jpgs/ce289d7a37bb.jpg,,,,,
/media/zac/12TB Drive/covid-detector/extracted_images/jpgs/ce2c42b51f24.jpg,,,,,
/media/zac/12TB Drive/covid-detector/extracted_images/jpgs/ce435a634ee1.jpg,,,,,
/media/zac/12TB Drive/covid-detector/extracted_images/jpgs/ce59edbb28b4.jpg,,,,,
/media/zac/12TB Drive/covid-detector/extracted_images/jpgs/cec07acf2c6e.jpg,,,,,
/media/zac/12TB Drive/covid-detector/extracted_images/jpgs/ced0475f445a.jpg,,,,,
/media/zac/12TB Drive/covid-detector/extracted_images/jpgs/cedb3b72e9f1.jpg,,,,,
/media/zac/12TB Drive/covid-detector/extracted_images/jpgs/cf2318379a61.jpg,,,,,
/media/zac/12TB Drive/covid-detector/extracted_images/jpgs/cf267fe1b881.jpg,,,,,
/media/zac/12TB Drive/covid-detector/extracted_images/jpgs/cf4c8fbc1f43.jpg,,,,,
/media/zac/12TB Drive/covid-detector/extracted_images/jpgs/cf8ce7627141.jpg,,,,,
/media/zac/12TB Drive/covid-detector/extracted_images/jpgs/cfcc4573998c.jpg,,,,,
/media/zac/12TB Drive/covid-detector/extracted_images/jpgs/cfecc1391cac.jpg,,,,,
/media/zac/12TB Drive/covid-detector/extracted_images/jpgs/cffa8feeaa70.jpg,,,,,
/media/zac/12TB Drive/covid-detector/extracted_images/jpgs/d00013065b7d.jpg,,,,,
/media/zac/12TB Drive/covid-detector/extracted_images/jpgs/d01e8fd2c78d.jpg,,,,,
/media/zac/12TB Drive/covid-detector/extracted_images/jpgs/d048ab876687.jpg,,,,,
/media/zac/12TB Drive/covid-detector/extracted_images/jpgs/d0ab24d94b3d.jpg,,,,,
/media/zac/12TB Drive/covid-detector/extracted_images/jpgs/d13af5659ede.jpg,,,,,
/media/zac/12TB Drive/covid-detector/extracted_images/jpgs/d169b65a8331.jpg,,,,,
/media/zac/12TB Drive/covid-detector/extracted_images/jpgs/d1ffee85b260.jpg,,,,,
/media/zac/12TB Drive/covid-detector/extracted_images/jpgs/d220b3a6c538.jpg,,,,,
/media/zac/12TB Drive/covid-detector/extracted_images/jpgs/d22fc49476cd.jpg,,,,,
/media/zac/12TB Drive/covid-detector/extracted_images/jpgs/d234d34f4774.jpg,,,,,
/media/zac/12TB Drive/covid-detector/extracted_images/jpgs/d2896d7a3da9.jpg,,,,,
/media/zac/12TB Drive/covid-detector/extracted_images/jpgs/d2c19614a213.jpg,,,,,
/media/zac/12TB Drive/covid-detector/extracted_images/jpgs/d2cf63ed558c.jpg,,,,,
/media/zac/12TB Drive/covid-detector/extracted_images/jpgs/d2d1058fb70c.jpg,,,,,
/media/zac/12TB Drive/covid-detector/extracted_images/jpgs/d3144d61bc30.jpg,,,,,
/media/zac/12TB Drive/covid-detector/extracted_images/jpgs/d314b386bfb3.jpg,,,,,
/media/zac/12TB Drive/covid-detector/extracted_images/jpgs/d336c2858bc5.jpg,,,,,
/media/zac/12TB Drive/covid-detector/extracted_images/jpgs/d33c3dbebc68.jpg,,,,,
/media/zac/12TB Drive/covid-detector/extracted_images/jpgs/d38cb782f0b3.jpg,,,,,
/media/zac/12TB Drive/covid-detector/extracted_images/jpgs/d39fcb354f20.jpg,,,,,
/media/zac/12TB Drive/covid-detector/extracted_images/jpgs/d3a3199e03d9.jpg,,,,,
/media/zac/12TB Drive/covid-detector/extracted_images/jpgs/d4233665595c.jpg,,,,,
/media/zac/12TB Drive/covid-detector/extracted_images/jpgs/d436ae99d4f8.jpg,,,,,
/media/zac/12TB Drive/covid-detector/extracted_images/jpgs/d443de6eb20b.jpg,,,,,
/media/zac/12TB Drive/covid-detector/extracted_images/jpgs/d4543383eeea.jpg,,,,,
/media/zac/12TB Drive/covid-detector/extracted_images/jpgs/d46ec73397be.jpg,,,,,
/media/zac/12TB Drive/covid-detector/extracted_images/jpgs/d510e6e49ca7.jpg,,,,,
/media/zac/12TB Drive/covid-detector/extracted_images/jpgs/d5386c34152f.jpg,,,,,
/media/zac/12TB Drive/covid-detector/extracted_images/jpgs/d54bbcd40f15.jpg,,,,,
/media/zac/12TB Drive/covid-detector/extracted_images/jpgs/d55912de6e21.jpg,,,,,
/media/zac/12TB Drive/covid-detector/extracted_images/jpgs/d5c9a1bb5155.jpg,,,,,
/media/zac/12TB Drive/covid-detector/extracted_images/jpgs/d5ca04484172.jpg,,,,,
/media/zac/12TB Drive/covid-detector/extracted_images/jpgs/d5eb2202e59c.jpg,,,,,
/media/zac/12TB Drive/covid-detector/extracted_images/jpgs/d605a5741667.jpg,,,,,
/media/zac/12TB Drive/covid-detector/extracted_images/jpgs/d638bfcf071d.jpg,,,,,
/media/zac/12TB Drive/covid-detector/extracted_images/jpgs/d653aa376299.jpg,,,,,
/media/zac/12TB Drive/covid-detector/extracted_images/jpgs/d668e03169fb.jpg,,,,,
/media/zac/12TB Drive/covid-detector/extracted_images/jpgs/d6ab7b6fd285.jpg,,,,,
/media/zac/12TB Drive/covid-detector/extracted_images/jpgs/d6ae3b32db56.jpg,,,,,
/media/zac/12TB Drive/covid-detector/extracted_images/jpgs/d71d584d4376.jpg,,,,,
/media/zac/12TB Drive/covid-detector/extracted_images/jpgs/d72161acbb0e.jpg,,,,,
/media/zac/12TB Drive/covid-detector/extracted_images/jpgs/d7353d147f2c.jpg,,,,,
/media/zac/12TB Drive/covid-detector/extracted_images/jpgs/d787c9bd4fa8.jpg,,,,,
/media/zac/12TB Drive/covid-detector/extracted_images/jpgs/d8067f44e3a5.jpg,,,,,
/media/zac/12TB Drive/covid-detector/extracted_images/jpgs/d824859c732d.jpg,,,,,
/media/zac/12TB Drive/covid-detector/extracted_images/jpgs/d8814bffbf60.jpg,,,,,
/media/zac/12TB Drive/covid-detector/extracted_images/jpgs/d8a2a67de028.jpg,,,,,
/media/zac/12TB Drive/covid-detector/extracted_images/jpgs/d8b5f15da163.jpg,,,,,
/media/zac/12TB Drive/covid-detector/extracted_images/jpgs/d908cf9ff11b.jpg,,,,,
/media/zac/12TB Drive/covid-detector/extracted_images/jpgs/d93245b3e942.jpg,,,,,
/media/zac/12TB Drive/covid-detector/extracted_images/jpgs/d93b8a8335cf.jpg,,,,,
/media/zac/12TB Drive/covid-detector/extracted_images/jpgs/d9652442404c.jpg,,,,,
/media/zac/12TB Drive/covid-detector/extracted_images/jpgs/d9836a416645.jpg,,,,,
/media/zac/12TB Drive/covid-detector/extracted_images/jpgs/d9989cde71cb.jpg,,,,,
/media/zac/12TB Drive/covid-detector/extracted_images/jpgs/d9a7611d9adb.jpg,,,,,
/media/zac/12TB Drive/covid-detector/extracted_images/jpgs/d9bea6b28f9f.jpg,,,,,
/media/zac/12TB Drive/covid-detector/extracted_images/jpgs/da0282b42d7e.jpg,,,,,
/media/zac/12TB Drive/covid-detector/extracted_images/jpgs/da1118875920.jpg,,,,,
/media/zac/12TB Drive/covid-detector/extracted_images/jpgs/da6cdab00d05.jpg,,,,,
/media/zac/12TB Drive/covid-detector/extracted_images/jpgs/dad11df05809.jpg,,,,,
/media/zac/12TB Drive/covid-detector/extracted_images/jpgs/db00cd1b6beb.jpg,,,,,
/media/zac/12TB Drive/covid-detector/extracted_images/jpgs/db22a76373b1.jpg,,,,,
/media/zac/12TB Drive/covid-detector/extracted_images/jpgs/db425300ac71.jpg,,,,,
/media/zac/12TB Drive/covid-detector/extracted_images/jpgs/db55457e9cd2.jpg,,,,,
/media/zac/12TB Drive/covid-detector/extracted_images/jpgs/db623fdc0fc4.jpg,,,,,
/media/zac/12TB Drive/covid-detector/extracted_images/jpgs/dba223ee6a22.jpg,,,,,
/media/zac/12TB Drive/covid-detector/extracted_images/jpgs/dba736a15103.jpg,,,,,
/media/zac/12TB Drive/covid-detector/extracted_images/jpgs/dbd1ea0edec7.jpg,,,,,
/media/zac/12TB Drive/covid-detector/extracted_images/jpgs/dc37372bed4a.jpg,,,,,
/media/zac/12TB Drive/covid-detector/extracted_images/jpgs/dc3934dc9f96.jpg,,,,,
/media/zac/12TB Drive/covid-detector/extracted_images/jpgs/dc5f5313b1b7.jpg,,,,,
/media/zac/12TB Drive/covid-detector/extracted_images/jpgs/dcab18be6a8e.jpg,,,,,
/media/zac/12TB Drive/covid-detector/extracted_images/jpgs/dcd2b88400a2.jpg,,,,,
/media/zac/12TB Drive/covid-detector/extracted_images/jpgs/dce085d05b61.jpg,,,,,
/media/zac/12TB Drive/covid-detector/extracted_images/jpgs/dcff24f469a5.jpg,,,,,
/media/zac/12TB Drive/covid-detector/extracted_images/jpgs/dd3a357497f7.jpg,,,,,
/media/zac/12TB Drive/covid-detector/extracted_images/jpgs/ddd180015e80.jpg,,,,,
/media/zac/12TB Drive/covid-detector/extracted_images/jpgs/de1a0182928b.jpg,,,,,
/media/zac/12TB Drive/covid-detector/extracted_images/jpgs/de32dd96114c.jpg,,,,,
/media/zac/12TB Drive/covid-detector/extracted_images/jpgs/de8c50c2ae86.jpg,,,,,
/media/zac/12TB Drive/covid-detector/extracted_images/jpgs/dedee227b323.jpg,,,,,
/media/zac/12TB Drive/covid-detector/extracted_images/jpgs/df176d43ac18.jpg,,,,,
/media/zac/12TB Drive/covid-detector/extracted_images/jpgs/e00951255b1d.jpg,,,,,
/media/zac/12TB Drive/covid-detector/extracted_images/jpgs/e01e499cb1f3.jpg,,,,,
/media/zac/12TB Drive/covid-detector/extracted_images/jpgs/e03891e12881.jpg,,,,,
/media/zac/12TB Drive/covid-detector/extracted_images/jpgs/e03c29566ed4.jpg,,,,,
/media/zac/12TB Drive/covid-detector/extracted_images/jpgs/e0498fc49487.jpg,,,,,
/media/zac/12TB Drive/covid-detector/extracted_images/jpgs/e0c96098a396.jpg,,,,,
/media/zac/12TB Drive/covid-detector/extracted_images/jpgs/e0d61af446a3.jpg,,,,,
/media/zac/12TB Drive/covid-detector/extracted_images/jpgs/e0e16dc820e6.jpg,,,,,
/media/zac/12TB Drive/covid-detector/extracted_images/jpgs/e10f738658d3.jpg,,,,,
/media/zac/12TB Drive/covid-detector/extracted_images/jpgs/e16d2a45229d.jpg,,,,,
/media/zac/12TB Drive/covid-detector/extracted_images/jpgs/e1a154e893ee.jpg,,,,,
/media/zac/12TB Drive/covid-detector/extracted_images/jpgs/e1ae4be3ef0c.jpg,,,,,
/media/zac/12TB Drive/covid-detector/extracted_images/jpgs/e1f24fdcb0d7.jpg,,,,,
/media/zac/12TB Drive/covid-detector/extracted_images/jpgs/e1f510dd50d5.jpg,,,,,
/media/zac/12TB Drive/covid-detector/extracted_images/jpgs/e24ca1d34bb2.jpg,,,,,
/media/zac/12TB Drive/covid-detector/extracted_images/jpgs/e258350901d0.jpg,,,,,
/media/zac/12TB Drive/covid-detector/extracted_images/jpgs/e297b1e6b8ee.jpg,,,,,
/media/zac/12TB Drive/covid-detector/extracted_images/jpgs/e32e6427aee7.jpg,,,,,
/media/zac/12TB Drive/covid-detector/extracted_images/jpgs/e3518a18a152.jpg,,,,,
/media/zac/12TB Drive/covid-detector/extracted_images/jpgs/e352bb2b1afb.jpg,,,,,
/media/zac/12TB Drive/covid-detector/extracted_images/jpgs/e37e60f51f2c.jpg,,,,,
/media/zac/12TB Drive/covid-detector/extracted_images/jpgs/e393f9122068.jpg,,,,,
/media/zac/12TB Drive/covid-detector/extracted_images/jpgs/e4284637f3d1.jpg,,,,,
/media/zac/12TB Drive/covid-detector/extracted_images/jpgs/e479dd4f83b8.jpg,,,,,
/media/zac/12TB Drive/covid-detector/extracted_images/jpgs/e4e568ccef7e.jpg,,,,,
/media/zac/12TB Drive/covid-detector/extracted_images/jpgs/e5140948e6c0.jpg,,,,,
/media/zac/12TB Drive/covid-detector/extracted_images/jpgs/e51b49a19853.jpg,,,,,
/media/zac/12TB Drive/covid-detector/extracted_images/jpgs/e5555f29a9a1.jpg,,,,,
/media/zac/12TB Drive/covid-detector/extracted_images/jpgs/e58c692fc0f4.jpg,,,,,
/media/zac/12TB Drive/covid-detector/extracted_images/jpgs/e60f62d9a8a5.jpg,,,,,
/media/zac/12TB Drive/covid-detector/extracted_images/jpgs/e63674c067e3.jpg,,,,,
/media/zac/12TB Drive/covid-detector/extracted_images/jpgs/e642e9fbb17c.jpg,,,,,
/media/zac/12TB Drive/covid-detector/extracted_images/jpgs/e65bdeabbfb9.jpg,,,,,
/media/zac/12TB Drive/covid-detector/extracted_images/jpgs/e6e73caaf8d4.jpg,,,,,
/media/zac/12TB Drive/covid-detector/extracted_images/jpgs/e7769e0ae31e.jpg,,,,,
/media/zac/12TB Drive/covid-detector/extracted_images/jpgs/e78b16cfb742.jpg,,,,,
/media/zac/12TB Drive/covid-detector/extracted_images/jpgs/e7be504cf8e9.jpg,,,,,
/media/zac/12TB Drive/covid-detector/extracted_images/jpgs/e80c89022e94.jpg,,,,,
/media/zac/12TB Drive/covid-detector/extracted_images/jpgs/e830ffb5a568.jpg,,,,,
/media/zac/12TB Drive/covid-detector/extracted_images/jpgs/e85164fe46ac.jpg,,,,,
/media/zac/12TB Drive/covid-detector/extracted_images/jpgs/e86e443c371b.jpg,,,,,
/media/zac/12TB Drive/covid-detector/extracted_images/jpgs/e885aaec6e66.jpg,,,,,
/media/zac/12TB Drive/covid-detector/extracted_images/jpgs/e8c463a377b0.jpg,,,,,
/media/zac/12TB Drive/covid-detector/extracted_images/jpgs/e95084202c1b.jpg,,,,,
/media/zac/12TB Drive/covid-detector/extracted_images/jpgs/e9c099d7fe7b.jpg,,,,,
/media/zac/12TB Drive/covid-detector/extracted_images/jpgs/e9dd2e15cb8b.jpg,,,,,
/media/zac/12TB Drive/covid-detector/extracted_images/jpgs/ea3ab6f3dcad.jpg,,,,,
/media/zac/12TB Drive/covid-detector/extracted_images/jpgs/ea408a91db91.jpg,,,,,
/media/zac/12TB Drive/covid-detector/extracted_images/jpgs/eab8dd7373b1.jpg,,,,,
/media/zac/12TB Drive/covid-detector/extracted_images/jpgs/eae49161d928.jpg,,,,,
/media/zac/12TB Drive/covid-detector/extracted_images/jpgs/eb255becb30a.jpg,,,,,
/media/zac/12TB Drive/covid-detector/extracted_images/jpgs/ebb27e2e6d18.jpg,,,,,
/media/zac/12TB Drive/covid-detector/extracted_images/jpgs/ebbee1cd7799.jpg,,,,,
/media/zac/12TB Drive/covid-detector/extracted_images/jpgs/ec106607aaae.jpg,,,,,
/media/zac/12TB Drive/covid-detector/extracted_images/jpgs/ec6252fdc2a4.jpg,,,,,
/media/zac/12TB Drive/covid-detector/extracted_images/jpgs/ec68126f89c6.jpg,,,,,
/media/zac/12TB Drive/covid-detector/extracted_images/jpgs/ec6bfc3029a9.jpg,,,,,
/media/zac/12TB Drive/covid-detector/extracted_images/jpgs/ecac712485f2.jpg,,,,,
/media/zac/12TB Drive/covid-detector/extracted_images/jpgs/ecc2572103d7.jpg,,,,,
/media/zac/12TB Drive/covid-detector/extracted_images/jpgs/ecd66bcdc651.jpg,,,,,
/media/zac/12TB Drive/covid-detector/extracted_images/jpgs/ed2e387ef4fa.jpg,,,,,
/media/zac/12TB Drive/covid-detector/extracted_images/jpgs/eda3630b3819.jpg,,,,,
/media/zac/12TB Drive/covid-detector/extracted_images/jpgs/edc6919ee7a0.jpg,,,,,
/media/zac/12TB Drive/covid-detector/extracted_images/jpgs/edfdcc5fc9a7.jpg,,,,,
/media/zac/12TB Drive/covid-detector/extracted_images/jpgs/ee33ec236561.jpg,,,,,
/media/zac/12TB Drive/covid-detector/extracted_images/jpgs/ee46c42398c0.jpg,,,,,
/media/zac/12TB Drive/covid-detector/extracted_images/jpgs/eea23b9c3495.jpg,,,,,
/media/zac/12TB Drive/covid-detector/extracted_images/jpgs/eef9600e5493.jpg,,,,,
/media/zac/12TB Drive/covid-detector/extracted_images/jpgs/ef0cc8c0e7a5.jpg,,,,,
/media/zac/12TB Drive/covid-detector/extracted_images/jpgs/ef56cd9d3102.jpg,,,,,
/media/zac/12TB Drive/covid-detector/extracted_images/jpgs/f051f146f514.jpg,,,,,
/media/zac/12TB Drive/covid-detector/extracted_images/jpgs/f0a83ca8133a.jpg,,,,,
/media/zac/12TB Drive/covid-detector/extracted_images/jpgs/f0ab1da96100.jpg,,,,,
/media/zac/12TB Drive/covid-detector/extracted_images/jpgs/f0e2e2c38ace.jpg,,,,,
/media/zac/12TB Drive/covid-detector/extracted_images/jpgs/f14c6029494a.jpg,,,,,
/media/zac/12TB Drive/covid-detector/extracted_images/jpgs/f173ce0e8a47.jpg,,,,,
/media/zac/12TB Drive/covid-detector/extracted_images/jpgs/f17b1ad4f6f0.jpg,,,,,
/media/zac/12TB Drive/covid-detector/extracted_images/jpgs/f19e0017819b.jpg,,,,,
/media/zac/12TB Drive/covid-detector/extracted_images/jpgs/f20015a346df.jpg,,,,,
/media/zac/12TB Drive/covid-detector/extracted_images/jpgs/f2044befe4f9.jpg,,,,,
/media/zac/12TB Drive/covid-detector/extracted_images/jpgs/f232cd331b2e.jpg,,,,,
/media/zac/12TB Drive/covid-detector/extracted_images/jpgs/f258c4e97218.jpg,,,,,
/media/zac/12TB Drive/covid-detector/extracted_images/jpgs/f293762cef58.jpg,,,,,
/media/zac/12TB Drive/covid-detector/extracted_images/jpgs/f2de614a9ebf.jpg,,,,,
/media/zac/12TB Drive/covid-detector/extracted_images/jpgs/f2e95fde7e62.jpg,,,,,
/media/zac/12TB Drive/covid-detector/extracted_images/jpgs/f2ed30d18f97.jpg,,,,,
/media/zac/12TB Drive/covid-detector/extracted_images/jpgs/f32e1212203a.jpg,,,,,
/media/zac/12TB Drive/covid-detector/extracted_images/jpgs/f359472b41d9.jpg,,,,,
/media/zac/12TB Drive/covid-detector/extracted_images/jpgs/f3cda1e9b492.jpg,,,,,
/media/zac/12TB Drive/covid-detector/extracted_images/jpgs/f4076663653f.jpg,,,,,
/media/zac/12TB Drive/covid-detector/extracted_images/jpgs/f420e3696115.jpg,,,,,
/media/zac/12TB Drive/covid-detector/extracted_images/jpgs/f43913da5bde.jpg,,,,,
/media/zac/12TB Drive/covid-detector/extracted_images/jpgs/f45b99a2e9bb.jpg,,,,,
/media/zac/12TB Drive/covid-detector/extracted_images/jpgs/f4be52d4e6ae.jpg,,,,,
/media/zac/12TB Drive/covid-detector/extracted_images/jpgs/f57dc3a872eb.jpg,,,,,
/media/zac/12TB Drive/covid-detector/extracted_images/jpgs/f5983f676443.jpg,,,,,
/media/zac/12TB Drive/covid-detector/extracted_images/jpgs/f5b4e8d1c058.jpg,,,,,
/media/zac/12TB Drive/covid-detector/extracted_images/jpgs/f5dd3b352196.jpg,,,,,
/media/zac/12TB Drive/covid-detector/extracted_images/jpgs/f6462d1bf586.jpg,,,,,
/media/zac/12TB Drive/covid-detector/extracted_images/jpgs/f64a656b5b94.jpg,,,,,
/media/zac/12TB Drive/covid-detector/extracted_images/jpgs/f6654dcc44dd.jpg,,,,,
/media/zac/12TB Drive/covid-detector/extracted_images/jpgs/f67a3cc833d5.jpg,,,,,
/media/zac/12TB Drive/covid-detector/extracted_images/jpgs/f6b52db02627.jpg,,,,,
/media/zac/12TB Drive/covid-detector/extracted_images/jpgs/f6f3ad013608.jpg,,,,,
/media/zac/12TB Drive/covid-detector/extracted_images/jpgs/f78663a47369.jpg,,,,,
/media/zac/12TB Drive/covid-detector/extracted_images/jpgs/f78d724cd9af.jpg,,,,,
/media/zac/12TB Drive/covid-detector/extracted_images/jpgs/f7a5935dee5c.jpg,,,,,
/media/zac/12TB Drive/covid-detector/extracted_images/jpgs/f80f9bebe43e.jpg,,,,,
/media/zac/12TB Drive/covid-detector/extracted_images/jpgs/f82f99deaae2.jpg,,,,,
/media/zac/12TB Drive/covid-detector/extracted_images/jpgs/f83043bab3eb.jpg,,,,,
/media/zac/12TB Drive/covid-detector/extracted_images/jpgs/f9064731ab94.jpg,,,,,
/media/zac/12TB Drive/covid-detector/extracted_images/jpgs/f983d62607b3.jpg,,,,,
/media/zac/12TB Drive/covid-detector/extracted_images/jpgs/f99140e2c7d9.jpg,,,,,
/media/zac/12TB Drive/covid-detector/extracted_images/jpgs/f9949aa2f61e.jpg,,,,,
/media/zac/12TB Drive/covid-detector/extracted_images/jpgs/f99fd61d4072.jpg,,,,,
/media/zac/12TB Drive/covid-detector/extracted_images/jpgs/f9b6bd4593c8.jpg,,,,,
/media/zac/12TB Drive/covid-detector/extracted_images/jpgs/f9c3bb697d31.jpg,,,,,
/media/zac/12TB Drive/covid-detector/extracted_images/jpgs/f9c45ad6c3ab.jpg,,,,,
/media/zac/12TB Drive/covid-detector/extracted_images/jpgs/f9d20afa051a.jpg,,,,,
/media/zac/12TB Drive/covid-detector/extracted_images/jpgs/f9f17f94c88f.jpg,,,,,
/media/zac/12TB Drive/covid-detector/extracted_images/jpgs/fa1a1dd477c2.jpg,,,,,
/media/zac/12TB Drive/covid-detector/extracted_images/jpgs/fa4b350599db.jpg,,,,,
/media/zac/12TB Drive/covid-detector/extracted_images/jpgs/fa5803549fe5.jpg,,,,,
/media/zac/12TB Drive/covid-detector/extracted_images/jpgs/fa9ccef257cf.jpg,,,,,
/media/zac/12TB Drive/covid-detector/extracted_images/jpgs/fab0ab9d7d17.jpg,,,,,
/media/zac/12TB Drive/covid-detector/extracted_images/jpgs/fb3ce0fa4eab.jpg,,,,,
/media/zac/12TB Drive/covid-detector/extracted_images/jpgs/fb41ef9ddaa2.jpg,,,,,
/media/zac/12TB Drive/covid-detector/extracted_images/jpgs/fb5d173c4c47.jpg,,,,,
/media/zac/12TB Drive/covid-detector/extracted_images/jpgs/fc096d59a676.jpg,,,,,
/media/zac/12TB Drive/covid-detector/extracted_images/jpgs/fc3cecdf50b2.jpg,,,,,
/media/zac/12TB Drive/covid-detector/extracted_images/jpgs/fc612cef0a2b.jpg,,,,,
/media/zac/12TB Drive/covid-detector/extracted_images/jpgs/fc863d9c4dc9.jpg,,,,,
/media/zac/12TB Drive/covid-detector/extracted_images/jpgs/fd534f2f4f87.jpg,,,,,
/media/zac/12TB Drive/covid-detector/extracted_images/jpgs/fd7515610b5a.jpg,,,,,
/media/zac/12TB Drive/covid-detector/extracted_images/jpgs/fd7ddd30d8dc.jpg,,,,,
/media/zac/12TB Drive/covid-detector/extracted_images/jpgs/fdb1d8ef04df.jpg,,,,,
/media/zac/12TB Drive/covid-detector/extracted_images/jpgs/fde3cfe9c056.jpg,,,,,
/media/zac/12TB Drive/covid-detector/extracted_images/jpgs/fe51be23ad08.jpg,,,,,
/media/zac/12TB Drive/covid-detector/extracted_images/jpgs/fe6cd1fbae72.jpg,,,,,
/media/zac/12TB Drive/covid-detector/extracted_images/jpgs/fe829429edc4.jpg,,,,,
/media/zac/12TB Drive/covid-detector/extracted_images/jpgs/fec0f573e821.jpg,,,,,
/media/zac/12TB Drive/covid-detector/extracted_images/jpgs/fec9646c8c88.jpg,,,,,
/media/zac/12TB Drive/covid-detector/extracted_images/jpgs/fece1740823c.jpg,,,,,
/media/zac/12TB Drive/covid-detector/extracted_images/jpgs/fed0ecac96cb.jpg,,,,,
/media/zac/12TB Drive/covid-detector/extracted_images/jpgs/fee4447733fa.jpg,,,,,
